cart_id,customer_id,product_id,quantity
1,0,12154,3
2,1,3183,2
3,1,5968,2
4,1,285,2
5,1,1854,2
6,1,5295,3
7,3,14603,1
8,3,4144,3
9,3,476,1
10,3,6260,1
11,4,8841,3
12,4,14826,1
13,4,525,2
14,5,14261,1
15,6,2500,2
16,6,11335,2
17,7,14722,2
18,7,10913,3
19,7,10878,1
20,9,12983,3
21,9,10164,2
22,9,4210,1
23,9,13090,2
24,9,490,2
25,10,11076,2
26,10,6018,2
27,15,9587,2
28,15,12121,1
29,15,14246,3
30,15,8433,3
31,16,14084,1
32,17,2042,1
33,17,4987,2
34,17,12394,3
35,17,8198,2
36,18,2094,3
37,18,7587,3
38,18,357,2
39,19,14888,3
40,19,11781,2
41,19,3306,2
42,20,11837,1
43,20,4176,3
44,20,12130,3
45,21,1058,3
46,22,12854,3
47,22,8967,2
48,23,4559,3
49,25,2856,1
50,25,13474,2
51,25,10786,2
52,25,10394,2
53,27,5085,1
54,27,7202,3
55,27,5277,2
56,27,2214,2
57,31,9755,1
58,31,12545,1
59,31,5399,3
60,32,2927,3
61,32,11736,2
62,32,13346,3
63,32,512,2
64,32,14409,2
65,33,2929,2
66,33,14626,3
67,33,3421,3
68,33,4912,2
69,33,5375,3
70,34,6855,2
71,35,12067,2
72,35,11410,1
73,35,5444,3
74,36,7322,2
75,36,2638,2
76,37,6820,1
77,37,334,3
78,37,14415,1
79,37,2597,3
80,39,1208,2
81,39,3781,3
82,39,11066,1
83,40,11288,1
84,40,3331,2
85,40,3795,3
86,42,6769,3
87,42,5130,3
88,42,3058,2
89,42,1348,1
90,43,1384,3
91,43,7741,1
92,43,12180,3
93,43,2467,2
94,43,10046,3
95,44,301,1
96,44,8366,3
97,45,2760,1
98,45,9007,3
99,46,9326,3
100,46,13225,2
101,46,1268,3
102,46,8135,2
103,46,10935,2
104,47,4956,3
105,47,14293,2
106,47,8426,3
107,47,13183,3
108,47,3154,3
109,48,11272,2
110,48,7224,2
111,48,14385,2
112,48,9849,3
113,49,14086,2
114,49,3816,2
115,49,7319,3
116,49,5138,3
117,50,5778,2
118,50,12457,3
119,50,730,2
120,50,14651,1
121,51,7918,3
122,51,11994,1
123,51,2810,2
124,52,14868,2
125,52,5870,3
126,52,10345,1
127,52,14211,2
128,53,3539,2
129,56,4006,1
130,56,3541,3
131,56,10796,3
132,56,6605,3
133,57,7093,1
134,57,5196,3
135,57,7779,2
136,57,9007,1
137,58,248,3
138,58,12304,2
139,58,3189,3
140,58,4394,2
141,59,11285,2
142,60,13600,2
143,60,12345,2
144,60,2917,3
145,60,5809,1
146,60,13874,3
147,61,807,1
148,61,9146,2
149,62,1027,3
150,62,1777,3
151,64,5499,3
152,64,12945,3
153,64,1548,2
154,64,1766,2
155,67,2586,2
156,67,4391,2
157,67,12024,1
158,67,14577,3
159,69,14267,3
160,70,2095,2
161,73,265,3
162,73,7150,2
163,73,962,3
164,73,7152,1
165,74,7047,2
166,74,7083,1
167,75,8438,1
168,75,957,1
169,75,4618,3
170,76,6601,1
171,76,10856,3
172,76,10617,1
173,78,14713,3
174,78,3089,3
175,78,4783,1
176,78,8361,3
177,78,2816,3
178,79,968,2
179,80,948,1
180,80,12031,2
181,80,4175,3
182,80,3806,2
183,80,6366,2
184,81,10099,2
185,81,8719,2
186,82,6832,3
187,82,12451,3
188,83,5756,2
189,83,14381,2
190,84,13621,3
191,84,14211,1
192,84,241,3
193,84,5327,3
194,84,7489,3
195,85,2635,1
196,86,12434,3
197,86,1598,3
198,86,8469,1
199,86,1710,2
200,86,1638,3
201,87,9766,1
202,87,7641,1
203,87,14399,2
204,88,13442,1
205,88,4864,2
206,88,11516,2
207,88,12105,2
208,88,13524,2
209,89,46,3
210,89,367,1
211,89,12380,1
212,89,9055,2
213,90,14748,3
214,90,1849,2
215,90,5004,2
216,90,2031,1
217,90,555,2
218,91,1390,2
219,92,3352,2
220,92,8747,1
221,92,2114,1
222,92,7815,1
223,92,700,3
224,93,14871,3
225,94,8727,2
226,94,6170,2
227,94,3711,1
228,95,1535,2
229,95,13976,2
230,95,6732,2
231,97,9501,1
232,97,4816,1
233,97,4328,2
234,97,10043,1
235,97,4261,2
236,98,3860,2
237,98,11292,2
238,98,13590,1
239,98,5013,2
240,98,11488,2
241,99,121,3
242,99,13831,1
243,99,14637,1
244,99,8526,2
245,99,13963,3
246,100,6482,2
247,100,11344,3
248,100,565,1
249,100,7435,2
250,100,6673,2
251,101,6073,2
252,101,13269,3
253,101,8483,2
254,101,10666,3
255,102,11786,3
256,102,832,2
257,102,3987,2
258,102,13082,3
259,102,10586,1
260,103,1886,3
261,103,3384,1
262,103,11645,1
263,103,11935,1
264,103,14171,1
265,104,1579,3
266,104,8964,3
267,105,1757,3
268,105,10836,1
269,105,6311,3
270,105,3990,3
271,106,12290,1
272,107,14184,1
273,108,12164,3
274,108,13837,1
275,109,8996,1
276,109,4763,2
277,110,10870,1
278,110,3569,1
279,110,10973,3
280,110,8742,3
281,111,14724,2
282,111,9118,3
283,111,8299,3
284,111,3266,3
285,111,9560,2
286,112,13901,3
287,112,7116,3
288,113,8733,2
289,113,970,2
290,113,10290,1
291,113,14555,1
292,113,9498,3
293,114,12249,1
294,114,11606,3
295,114,586,2
296,115,14520,2
297,115,2161,2
298,115,9277,2
299,115,12991,3
300,118,14191,3
301,118,13096,1
302,118,1457,3
303,118,12740,3
304,118,14402,1
305,119,9371,2
306,119,14045,3
307,119,4262,2
308,119,11194,3
309,119,373,1
310,120,4757,2
311,120,5653,1
312,120,2191,2
313,120,13130,1
314,121,14616,1
315,121,3560,2
316,121,8203,1
317,123,12986,2
318,124,14886,2
319,125,6440,1
320,125,5205,2
321,125,1858,1
322,129,10801,1
323,129,8605,1
324,129,11465,3
325,129,3669,1
326,130,10212,1
327,131,11153,3
328,132,10851,2
329,132,12987,2
330,132,10201,1
331,132,7664,1
332,132,2118,2
333,134,14259,1
334,134,2604,2
335,134,12053,1
336,134,12229,3
337,134,6117,1
338,135,70,2
339,135,3415,1
340,138,9949,2
341,139,11259,3
342,139,13307,3
343,140,13934,3
344,140,13799,3
345,140,11728,2
346,140,12017,1
347,140,1186,1
348,141,12961,3
349,141,8764,2
350,141,2397,2
351,142,4538,1
352,142,5139,1
353,143,14377,2
354,143,1748,2
355,143,3298,3
356,143,1154,2
357,143,9184,1
358,144,10164,1
359,145,11727,1
360,145,14930,2
361,145,4249,3
362,145,2422,1
363,146,13033,2
364,146,14857,2
365,147,11218,3
366,147,7169,1
367,147,8070,2
368,147,7463,2
369,149,8540,1
370,152,12822,3
371,152,6985,1
372,152,11948,2
373,152,6757,3
374,152,2601,1
375,153,7873,2
376,153,2197,2
377,153,7291,2
378,153,4509,2
379,153,13866,1
380,154,1237,2
381,154,8301,2
382,154,5659,3
383,154,5048,3
384,155,14661,3
385,156,4925,2
386,156,7234,3
387,156,4040,3
388,158,5015,1
389,158,1013,3
390,158,1106,3
391,158,13313,2
392,159,313,2
393,159,10503,2
394,159,6089,1
395,159,14184,2
396,160,13901,2
397,160,6157,3
398,160,1903,1
399,160,6580,2
400,160,11687,3
401,161,14621,2
402,162,9323,3
403,162,7939,2
404,163,13694,1
405,163,10990,1
406,163,8855,3
407,163,603,3
408,164,371,2
409,164,12965,3
410,164,14009,2
411,165,4622,2
412,165,1879,1
413,166,8781,2
414,166,11213,3
415,166,6108,1
416,166,4232,1
417,166,5157,2
418,167,953,2
419,167,12137,1
420,167,10468,1
421,167,14672,2
422,168,13123,2
423,168,9674,1
424,168,8204,1
425,168,14222,3
426,168,12123,3
427,170,12220,2
428,170,11418,2
429,171,11667,1
430,171,10054,2
431,171,98,2
432,171,12655,1
433,171,14376,2
434,172,828,2
435,172,14237,1
436,172,11210,2
437,172,2883,1
438,172,8495,3
439,173,2167,2
440,173,13927,3
441,173,12083,1
442,174,9291,2
443,174,4887,1
444,174,7959,3
445,174,273,1
446,175,4929,1
447,175,4318,1
448,175,5401,3
449,176,4864,1
450,176,8965,3
451,176,246,3
452,178,7472,3
453,179,13899,3
454,179,13599,3
455,179,14996,1
456,179,4082,3
457,179,8243,3
458,181,8400,2
459,181,653,3
460,181,6673,2
461,181,6560,3
462,182,2261,1
463,182,10519,2
464,182,492,1
465,182,3912,2
466,183,13651,1
467,183,3363,3
468,183,13936,2
469,184,618,3
470,184,13333,3
471,184,4926,1
472,184,9302,3
473,184,11502,3
474,185,5373,2
475,185,4,3
476,185,11650,1
477,185,3834,3
478,186,13202,2
479,188,13708,2
480,188,8410,2
481,188,5693,1
482,188,12964,3
483,189,11936,2
484,189,8617,2
485,189,14304,2
486,189,1550,2
487,189,1166,1
488,190,6112,1
489,190,11729,2
490,190,10324,1
491,190,6521,3
492,191,12623,1
493,191,11232,3
494,192,7627,2
495,192,14325,2
496,192,10265,2
497,192,7678,3
498,192,9484,2
499,193,14584,3
500,195,8741,1
501,195,4629,3
502,195,14824,2
503,195,14503,1
504,195,6061,3
505,196,4131,1
506,196,7524,1
507,196,7260,3
508,196,13416,3
509,198,2827,3
510,199,6088,1
511,199,14045,2
512,199,4481,2
513,199,12117,3
514,199,9609,1
515,200,7872,1
516,202,7464,2
517,202,11577,2
518,202,3411,3
519,202,9242,3
520,202,9989,1
521,203,7687,1
522,203,11450,3
523,203,4450,1
524,203,3211,2
525,203,9000,1
526,204,8678,3
527,206,9305,3
528,206,6223,2
529,206,12713,3
530,207,5513,1
531,207,13395,2
532,207,453,3
533,208,10978,2
534,208,10141,2
535,209,7240,1
536,210,14257,2
537,210,14757,3
538,210,2973,1
539,210,1552,3
540,210,7544,3
541,211,6286,2
542,211,4931,1
543,211,1363,1
544,211,3529,1
545,211,12474,2
546,212,13970,2
547,212,11529,2
548,212,3031,2
549,213,798,2
550,213,2819,1
551,213,3328,2
552,213,3127,3
553,214,988,3
554,214,12218,2
555,214,2169,1
556,214,8498,2
557,217,2709,1
558,219,1134,2
559,219,3700,3
560,219,10128,3
561,220,7622,1
562,220,6249,3
563,220,1547,2
564,220,5439,2
565,220,4443,1
566,221,13344,3
567,222,2492,2
568,222,11861,2
569,223,12477,2
570,223,6721,3
571,223,11766,3
572,224,7892,3
573,224,3824,3
574,224,5893,2
575,224,2663,3
576,224,9510,2
577,226,10117,3
578,226,3931,2
579,226,951,1
580,226,8616,3
581,226,14181,2
582,227,11770,1
583,227,14444,2
584,227,14466,3
585,228,2042,1
586,228,7130,1
587,229,10356,2
588,229,10321,2
589,229,3505,2
590,229,5649,2
591,229,14326,2
592,230,14932,2
593,230,12749,2
594,230,13603,1
595,230,9668,3
596,231,7916,1
597,232,12168,3
598,232,7370,2
599,232,9286,2
600,232,10567,1
601,233,1784,3
602,233,10982,2
603,233,7728,3
604,233,2010,1
605,233,1346,2
606,234,4985,1
607,234,6691,1
608,234,7342,3
609,234,12206,1
610,234,6560,3
611,235,3449,3
612,235,2088,2
613,235,11253,3
614,236,13396,2
615,236,7138,2
616,236,13472,3
617,236,10553,3
618,238,4230,2
619,239,7242,1
620,239,5658,2
621,240,5616,1
622,240,14254,3
623,240,2481,1
624,241,2889,1
625,242,6814,1
626,242,13530,3
627,242,1092,1
628,242,4169,2
629,242,3570,1
630,243,2310,3
631,243,9281,3
632,243,14642,3
633,243,6485,2
634,243,11375,2
635,244,7027,1
636,244,5223,2
637,244,5580,2
638,245,10314,1
639,245,9576,3
640,246,14369,2
641,246,6663,3
642,246,13565,2
643,246,9153,2
644,246,5126,1
645,248,10792,2
646,248,9771,2
647,248,1292,1
648,249,4794,3
649,249,7842,3
650,249,1448,3
651,249,7541,3
652,250,14604,2
653,251,11261,3
654,251,9940,3
655,251,1980,1
656,251,8706,3
657,252,11076,3
658,255,10452,3
659,255,5003,2
660,255,8369,1
661,255,8593,2
662,255,12565,2
663,256,5338,1
664,256,3617,2
665,256,7603,1
666,256,2678,2
667,257,13721,2
668,257,6614,2
669,257,4690,1
670,258,1569,3
671,258,6203,2
672,258,7880,2
673,258,10475,3
674,258,8009,1
675,260,13866,3
676,261,1748,1
677,261,14177,2
678,261,4256,1
679,261,10153,3
680,262,6063,2
681,262,5473,2
682,263,10087,2
683,264,11652,3
684,265,6032,3
685,266,5671,1
686,266,5602,1
687,266,9750,1
688,267,138,2
689,267,11322,2
690,267,8911,3
691,269,3658,3
692,269,10824,3
693,269,10679,2
694,269,14702,1
695,269,6117,1
696,270,14436,3
697,270,2175,2
698,270,13077,2
699,271,9466,2
700,272,12856,2
701,272,7120,2
702,272,8732,1
703,272,8468,3
704,273,38,2
705,273,4368,1
706,273,1487,2
707,273,4815,1
708,273,8788,3
709,274,3640,3
710,274,6441,3
711,274,3127,1
712,274,5402,3
713,276,9076,1
714,276,11550,1
715,276,3901,3
716,276,1953,3
717,277,12573,2
718,277,13635,3
719,277,14965,2
720,277,5265,2
721,277,9169,2
722,279,6059,1
723,280,1802,1
724,280,3909,1
725,280,13649,1
726,280,15000,3
727,281,1676,1
728,282,12490,2
729,282,7405,1
730,282,1432,2
731,282,4687,2
732,282,12104,2
733,284,134,3
734,284,4031,1
735,284,402,1
736,284,6355,3
737,284,8635,1
738,286,2234,3
739,286,2904,2
740,287,12751,3
741,287,13587,3
742,288,3839,1
743,288,13972,3
744,288,6868,1
745,288,323,2
746,288,2026,3
747,289,3357,2
748,289,6364,1
749,290,10162,2
750,291,2605,1
751,291,7752,1
752,291,4889,3
753,291,9610,2
754,291,6858,1
755,292,8191,3
756,292,12462,2
757,292,10994,3
758,292,4122,3
759,292,6075,1
760,293,11621,3
761,293,5289,3
762,294,2156,2
763,295,2935,2
764,297,8168,2
765,299,835,3
766,299,3889,1
767,300,1255,3
768,300,563,1
769,300,5756,3
770,302,9270,3
771,302,14497,2
772,302,6326,3
773,302,12238,3
774,302,4166,3
775,303,11598,3
776,304,6386,3
777,306,14268,1
778,306,426,1
779,307,4468,2
780,307,14379,3
781,307,11453,3
782,307,1157,2
783,307,12395,3
784,308,14999,3
785,308,5629,3
786,310,4157,2
787,310,6154,1
788,310,12419,1
789,310,6852,2
790,311,2906,1
791,311,2032,2
792,312,13708,2
793,312,7171,1
794,313,10751,3
795,313,11365,1
796,313,5496,1
797,315,2045,1
798,317,7973,3
799,317,6079,1
800,317,5684,1
801,317,6236,2
802,318,3096,1
803,318,12985,2
804,318,5247,3
805,319,5762,1
806,320,11241,1
807,320,6768,2
808,320,13061,3
809,321,12665,1
810,321,9357,2
811,321,13805,3
812,321,6035,1
813,322,8418,2
814,322,2851,1
815,322,10291,1
816,322,8236,1
817,323,11723,3
818,324,6516,1
819,325,1670,2
820,325,8415,2
821,325,6944,2
822,325,1504,1
823,326,616,1
824,326,6372,1
825,326,1662,2
826,327,10217,1
827,327,7476,2
828,327,12624,2
829,327,3609,3
830,327,12394,3
831,328,13266,2
832,329,53,1
833,329,6110,2
834,329,8222,2
835,329,8225,3
836,329,13772,1
837,330,3867,3
838,330,7784,2
839,330,12173,3
840,331,2557,1
841,331,8414,1
842,331,1743,3
843,332,10147,2
844,332,4062,1
845,332,8292,3
846,336,2632,2
847,336,11321,1
848,336,13169,3
849,336,14071,1
850,338,13372,3
851,338,1689,1
852,338,7419,3
853,338,14000,2
854,339,5390,1
855,339,11561,3
856,339,9639,2
857,339,14555,1
858,339,4489,3
859,340,1105,3
860,340,12086,3
861,340,11269,1
862,341,10856,1
863,342,14276,1
864,342,6048,2
865,342,8571,1
866,342,4120,3
867,342,10112,2
868,343,9203,2
869,343,12041,2
870,343,1352,2
871,343,12245,2
872,343,8691,3
873,344,13645,3
874,344,5937,1
875,344,5178,2
876,345,12978,3
877,345,8776,3
878,347,7596,1
879,349,11373,1
880,349,14689,2
881,350,9048,2
882,350,11178,3
883,350,9012,1
884,350,5616,3
885,351,14449,1
886,351,1559,2
887,351,10918,1
888,353,8921,1
889,354,7466,2
890,354,5515,2
891,355,6705,2
892,355,1570,2
893,355,5194,3
894,355,1250,2
895,356,12428,2
896,356,11577,3
897,356,8367,2
898,356,72,2
899,358,9518,2
900,358,9380,2
901,358,5724,3
902,358,9709,2
903,358,4014,2
904,359,11001,1
905,360,2734,2
906,360,8045,3
907,360,13460,3
908,360,11906,1
909,361,6049,2
910,362,1163,2
911,362,12817,3
912,362,4564,1
913,362,3203,2
914,363,4114,1
915,363,4538,3
916,365,10446,3
917,366,1968,3
918,366,9824,1
919,366,13852,1
920,367,3141,3
921,367,7828,2
922,368,5023,1
923,368,232,1
924,369,2360,3
925,369,9806,1
926,369,14105,1
927,369,2462,1
928,369,11122,2
929,370,11058,1
930,370,11809,1
931,370,5921,2
932,370,2011,3
933,370,1769,2
934,373,9772,2
935,373,1371,3
936,376,2327,2
937,376,4881,1
938,377,12374,3
939,377,3947,1
940,377,10259,2
941,377,5419,3
942,378,5343,1
943,378,12206,2
944,378,296,2
945,378,9341,1
946,378,14744,3
947,379,13641,3
948,379,9257,3
949,380,10813,3
950,380,1242,1
951,380,12045,1
952,380,14989,1
953,381,13315,2
954,382,2553,1
955,382,10018,3
956,383,7396,3
957,383,8239,2
958,383,14663,3
959,383,5362,2
960,383,2210,2
961,384,635,3
962,384,9753,2
963,384,1723,1
964,384,940,1
965,384,12965,3
966,385,13340,2
967,385,14988,2
968,385,11314,1
969,387,8390,2
970,387,1575,2
971,387,2140,3
972,388,10287,2
973,388,3267,3
974,388,6429,3
975,388,13161,1
976,389,1020,1
977,389,7982,2
978,389,5734,1
979,389,9027,1
980,389,7406,3
981,390,4792,1
982,393,13789,2
983,393,11425,1
984,395,5944,2
985,395,5025,2
986,396,11521,2
987,397,3848,3
988,397,12847,3
989,397,6648,1
990,397,14087,2
991,398,2491,3
992,398,1111,3
993,398,11575,1
994,399,8219,3
995,399,3644,1
996,400,6967,3
997,400,7823,1
998,400,10320,2
999,400,6657,2
1000,401,6843,3
1001,402,1380,3
1002,402,2395,3
1003,402,13212,3
1004,402,7541,2
1005,403,2868,3
1006,403,14074,1
1007,403,3727,3
1008,403,12092,2
1009,404,12728,2
1010,405,12930,1
1011,407,7277,2
1012,407,816,2
1013,407,1475,3
1014,407,10618,1
1015,407,1640,3
1016,408,8856,2
1017,409,2669,1
1018,411,2182,1
1019,411,4256,2
1020,412,4170,1
1021,412,13613,1
1022,412,280,3
1023,412,3081,3
1024,412,13709,3
1025,414,9536,3
1026,414,9020,1
1027,414,3244,3
1028,415,13106,2
1029,416,6656,2
1030,417,14982,3
1031,418,10454,1
1032,419,10376,3
1033,419,6790,2
1034,419,360,2
1035,420,1056,2
1036,420,7562,1
1037,420,6569,3
1038,421,7137,2
1039,421,12261,3
1040,421,3996,1
1041,422,4086,1
1042,422,11005,2
1043,423,8173,1
1044,424,6128,3
1045,424,14874,3
1046,425,3375,1
1047,426,743,3
1048,426,9077,2
1049,426,7026,2
1050,426,10410,3
1051,426,2721,3
1052,427,1499,1
1053,427,5856,1
1054,427,9707,2
1055,427,7606,1
1056,428,4266,3
1057,428,13886,3
1058,429,5922,1
1059,429,11917,2
1060,429,11529,1
1061,429,12282,2
1062,429,6539,1
1063,430,3956,1
1064,430,13621,2
1065,430,958,1
1066,431,3938,2
1067,431,14259,2
1068,431,2911,3
1069,431,3532,3
1070,431,2013,2
1071,432,10874,1
1072,432,2389,3
1073,432,5911,2
1074,432,3031,3
1075,433,11659,2
1076,433,8430,1
1077,433,9198,1
1078,433,4935,1
1079,434,5773,1
1080,434,6320,3
1081,435,5241,1
1082,435,11147,3
1083,436,12619,2
1084,436,8392,3
1085,436,12514,2
1086,436,6256,3
1087,436,3471,3
1088,438,3919,3
1089,440,14295,2
1090,440,12076,2
1091,440,9137,1
1092,440,4519,2
1093,440,12874,1
1094,441,10021,3
1095,441,11933,3
1096,441,10183,3
1097,442,5748,3
1098,442,3919,3
1099,443,4576,1
1100,444,2145,3
1101,444,14405,1
1102,445,3480,1
1103,445,2319,2
1104,446,9055,3
1105,446,10551,2
1106,446,9721,1
1107,446,5459,2
1108,447,2553,1
1109,447,6753,3
1110,447,10722,1
1111,448,1019,1
1112,449,9961,3
1113,449,13320,2
1114,449,12457,3
1115,449,8850,2
1116,450,8307,3
1117,450,5714,1
1118,450,13059,2
1119,450,11064,2
1120,450,8715,2
1121,451,379,1
1122,452,3397,3
1123,452,295,3
1124,452,9490,2
1125,452,5869,3
1126,454,5771,2
1127,454,4521,2
1128,454,13582,1
1129,454,11537,1
1130,454,8771,1
1131,455,12449,3
1132,455,9675,1
1133,455,7706,2
1134,456,9769,1
1135,456,2995,2
1136,456,8545,3
1137,456,4090,3
1138,456,7219,3
1139,457,8464,1
1140,457,4182,3
1141,457,6301,1
1142,458,3596,3
1143,458,5244,3
1144,458,13241,3
1145,458,9,2
1146,459,14097,3
1147,460,2921,1
1148,460,13798,2
1149,460,5999,3
1150,461,10634,2
1151,461,9625,1
1152,463,13348,1
1153,463,8766,2
1154,463,4532,1
1155,463,12476,3
1156,463,11349,1
1157,464,13103,3
1158,464,9081,1
1159,464,14191,3
1160,464,1004,1
1161,466,1377,1
1162,466,1784,3
1163,466,6276,3
1164,466,97,3
1165,466,3050,1
1166,467,5257,3
1167,468,12726,3
1168,468,4798,1
1169,468,13691,3
1170,469,9993,1
1171,470,6185,3
1172,470,6165,2
1173,471,9196,1
1174,472,7634,3
1175,473,8114,2
1176,473,13612,2
1177,473,14667,1
1178,474,11230,2
1179,474,1444,2
1180,474,4620,2
1181,475,10336,1
1182,475,6746,3
1183,475,9223,1
1184,475,6844,3
1185,475,3732,3
1186,476,6316,3
1187,476,2483,1
1188,477,615,1
1189,477,1068,3
1190,478,1147,3
1191,478,10704,1
1192,478,1026,3
1193,479,3328,3
1194,479,5227,3
1195,480,12801,2
1196,480,9421,1
1197,481,9395,1
1198,481,11876,1
1199,481,11347,1
1200,483,3225,1
1201,483,5464,2
1202,483,2920,3
1203,483,8649,1
1204,483,6622,3
1205,484,2532,3
1206,486,13684,3
1207,487,5574,1
1208,487,5320,1
1209,487,6462,3
1210,487,4099,3
1211,489,2625,2
1212,489,2931,3
1213,489,5078,3
1214,490,6087,1
1215,490,2099,1
1216,491,9892,1
1217,491,10086,3
1218,491,13030,3
1219,492,536,1
1220,492,2432,2
1221,492,2022,1
1222,492,9184,2
1223,492,5469,2
1224,493,12385,3
1225,493,12402,1
1226,493,12530,3
1227,493,11557,1
1228,493,3439,1
1229,494,10924,2
1230,494,5319,2
1231,494,12773,2
1232,494,11308,2
1233,495,1961,3
1234,495,9354,2
1235,495,5272,2
1236,495,4182,3
1237,496,11822,1
1238,496,10209,3
1239,496,5937,1
1240,496,10583,2
1241,498,10800,3
1242,498,13211,2
1243,499,2258,2
1244,499,12507,3
1245,499,3837,1
1246,500,7431,2
1247,500,11256,1
1248,502,10761,2
1249,502,3899,3
1250,502,11875,2
1251,504,14103,2
1252,504,1965,1
1253,505,3701,3
1254,505,1626,2
1255,505,2757,2
1256,506,10514,2
1257,507,3593,1
1258,507,9401,3
1259,507,7312,1
1260,507,3747,2
1261,507,9845,3
1262,508,10106,2
1263,508,2450,3
1264,508,11682,3
1265,510,13834,2
1266,510,12962,3
1267,511,2503,2
1268,512,7570,1
1269,512,2248,3
1270,512,1520,1
1271,512,1325,1
1272,512,9131,2
1273,513,6742,1
1274,513,2325,2
1275,513,6199,2
1276,513,3721,3
1277,513,3853,2
1278,514,5418,2
1279,514,6,1
1280,514,12405,2
1281,516,10878,3
1282,516,11449,2
1283,517,5591,1
1284,517,2831,3
1285,517,12782,2
1286,518,9372,2
1287,518,682,3
1288,519,3745,3
1289,519,11540,1
1290,521,1651,3
1291,522,1064,3
1292,523,10369,1
1293,523,8941,3
1294,524,9526,3
1295,524,2217,3
1296,524,6182,3
1297,524,12100,1
1298,525,2973,1
1299,525,636,2
1300,525,4892,2
1301,525,7340,1
1302,526,9085,3
1303,526,2609,1
1304,526,3468,1
1305,526,6847,1
1306,526,5967,1
1307,529,13965,3
1308,529,13291,3
1309,529,12400,1
1310,530,10158,1
1311,530,2704,3
1312,530,10227,3
1313,530,6888,2
1314,531,3332,1
1315,532,6599,3
1316,533,527,3
1317,533,293,2
1318,533,2025,1
1319,534,10466,1
1320,534,11983,2
1321,534,14668,1
1322,534,2686,1
1323,534,6702,2
1324,535,13435,2
1325,535,7674,3
1326,535,12773,3
1327,535,5872,1
1328,536,488,3
1329,536,5350,3
1330,537,12459,2
1331,537,9484,2
1332,539,10493,2
1333,539,11629,3
1334,539,9321,1
1335,539,8427,1
1336,539,7459,1
1337,540,9367,3
1338,540,12331,2
1339,540,10786,1
1340,540,11138,1
1341,540,10129,3
1342,541,3260,1
1343,541,3478,3
1344,542,8931,2
1345,542,13773,2
1346,542,6970,3
1347,542,7931,2
1348,543,7986,3
1349,543,11401,1
1350,543,9498,1
1351,543,13714,3
1352,543,1396,1
1353,544,5348,2
1354,544,9878,1
1355,546,14101,3
1356,546,9377,1
1357,548,14554,1
1358,548,1534,3
1359,548,217,3
1360,548,2612,1
1361,549,5444,2
1362,549,13805,1
1363,549,13124,2
1364,549,2954,1
1365,549,860,2
1366,550,6354,3
1367,550,1525,3
1368,550,9142,2
1369,550,14631,1
1370,550,3522,2
1371,551,315,3
1372,552,12842,2
1373,552,10040,1
1374,553,4048,1
1375,553,2457,2
1376,553,12082,3
1377,554,1734,3
1378,554,2892,2
1379,554,13403,1
1380,554,3509,3
1381,555,9956,1
1382,555,5949,3
1383,555,7871,1
1384,557,3171,3
1385,557,10675,1
1386,557,6022,1
1387,558,2537,3
1388,558,388,2
1389,558,11254,3
1390,559,8696,2
1391,559,11200,3
1392,559,3617,1
1393,561,13626,2
1394,561,4794,3
1395,562,7631,1
1396,562,711,2
1397,562,2389,1
1398,562,5065,3
1399,562,8102,2
1400,563,10071,2
1401,566,10967,3
1402,567,13854,3
1403,567,1171,2
1404,567,7075,3
1405,568,3065,3
1406,568,10536,2
1407,568,9234,1
1408,568,12116,3
1409,569,9382,2
1410,569,11938,2
1411,569,7282,1
1412,569,4833,1
1413,569,1433,2
1414,570,10706,1
1415,570,2661,2
1416,571,8920,1
1417,571,347,2
1418,571,5548,2
1419,571,11501,2
1420,572,6916,1
1421,572,5167,1
1422,572,11800,3
1423,572,14358,3
1424,573,9602,1
1425,573,7478,3
1426,574,12355,3
1427,574,492,2
1428,574,5372,1
1429,575,4044,1
1430,575,11309,1
1431,575,10372,1
1432,575,8430,1
1433,576,8159,3
1434,576,867,1
1435,576,6432,1
1436,577,6175,3
1437,577,1296,3
1438,578,7793,1
1439,578,14100,3
1440,579,195,1
1441,579,9522,1
1442,579,8402,3
1443,580,12924,1
1444,580,2770,2
1445,580,7188,1
1446,580,2893,2
1447,580,10417,1
1448,581,6316,2
1449,581,8684,2
1450,582,5718,3
1451,582,8237,1
1452,584,3057,3
1453,584,1314,3
1454,584,4363,1
1455,584,2979,3
1456,585,14316,1
1457,585,13641,3
1458,585,11940,1
1459,585,6881,3
1460,586,5772,3
1461,587,2600,2
1462,587,10621,1
1463,587,10298,1
1464,587,13760,2
1465,588,4816,2
1466,588,13598,3
1467,589,10532,1
1468,590,10520,3
1469,590,4037,2
1470,590,539,1
1471,590,7664,2
1472,591,5841,3
1473,591,2230,3
1474,591,10252,2
1475,591,8960,3
1476,592,11201,1
1477,592,10876,2
1478,592,9317,2
1479,592,10186,2
1480,593,8637,3
1481,593,6751,1
1482,593,12902,3
1483,593,942,2
1484,594,8274,1
1485,594,61,1
1486,594,11534,2
1487,595,9803,2
1488,596,1760,3
1489,596,1657,1
1490,596,7872,2
1491,596,9231,3
1492,597,5521,3
1493,597,5706,3
1494,597,7350,3
1495,597,117,2
1496,597,6450,3
1497,598,8582,3
1498,599,3446,1
1499,599,14774,3
1500,599,2596,1
1501,600,13338,3
1502,601,3030,1
1503,602,14767,2
1504,602,2519,2
1505,602,3899,2
1506,603,11248,3
1507,603,7661,1
1508,603,13835,3
1509,603,8898,2
1510,603,12061,3
1511,604,12913,1
1512,604,14568,2
1513,604,13074,2
1514,604,8443,2
1515,605,811,2
1516,608,9895,1
1517,608,2014,3
1518,610,1596,3
1519,610,11537,1
1520,610,4952,2
1521,610,4884,3
1522,610,8377,3
1523,611,8342,2
1524,611,475,2
1525,612,11777,1
1526,612,13715,2
1527,612,10755,3
1528,612,8113,1
1529,612,7066,1
1530,613,12457,3
1531,613,5707,1
1532,613,5587,1
1533,614,5042,3
1534,614,4958,2
1535,615,10108,3
1536,615,8332,2
1537,616,2606,3
1538,616,2080,1
1539,616,7792,3
1540,616,13701,1
1541,616,967,2
1542,617,2173,2
1543,617,11501,3
1544,618,3183,3
1545,618,444,3
1546,618,5776,1
1547,618,10413,1
1548,618,1270,1
1549,620,9410,1
1550,620,2384,3
1551,620,13762,2
1552,620,13631,2
1553,620,11089,2
1554,621,2538,2
1555,621,6556,2
1556,621,10769,3
1557,621,14209,1
1558,622,2848,1
1559,622,9295,3
1560,622,4395,3
1561,623,8171,3
1562,623,11048,3
1563,623,10904,3
1564,623,737,1
1565,623,11745,2
1566,624,9756,3
1567,624,9113,3
1568,624,2764,2
1569,625,4973,2
1570,625,4384,3
1571,625,11354,3
1572,626,6950,2
1573,626,13727,2
1574,626,10444,1
1575,627,7402,2
1576,627,2784,1
1577,628,10974,3
1578,628,2973,2
1579,629,13384,1
1580,629,10327,3
1581,629,2167,1
1582,629,1944,2
1583,630,5943,1
1584,630,7792,1
1585,630,5823,1
1586,631,1384,1
1587,631,2422,1
1588,631,9453,3
1589,631,8793,1
1590,631,2989,1
1591,632,1994,3
1592,632,14966,1
1593,632,11350,1
1594,632,7793,3
1595,634,5772,3
1596,634,3786,3
1597,634,2911,2
1598,634,8935,3
1599,634,4791,2
1600,636,10242,2
1601,636,4943,2
1602,636,11176,1
1603,636,8967,3
1604,637,13603,3
1605,637,2976,3
1606,637,11810,2
1607,637,10894,1
1608,638,2174,1
1609,638,11074,3
1610,639,857,3
1611,641,6787,3
1612,641,2328,2
1613,641,2386,1
1614,641,6066,1
1615,641,13954,2
1616,642,13227,1
1617,642,1909,3
1618,642,3847,2
1619,643,12326,1
1620,643,595,2
1621,643,4908,2
1622,644,508,2
1623,644,14490,3
1624,644,13034,2
1625,644,8139,3
1626,645,119,1
1627,645,5272,2
1628,645,190,1
1629,645,14638,3
1630,645,9642,1
1631,646,3782,2
1632,646,6705,1
1633,646,11453,3
1634,646,12614,1
1635,648,5042,2
1636,648,13136,3
1637,649,1178,3
1638,649,4000,1
1639,650,7821,1
1640,650,8683,1
1641,650,2136,2
1642,650,11623,3
1643,650,1785,3
1644,651,14646,1
1645,651,5720,3
1646,651,14889,2
1647,651,5321,1
1648,651,11998,3
1649,652,14738,1
1650,652,4799,3
1651,652,7542,3
1652,653,12145,2
1653,653,1440,1
1654,653,778,2
1655,653,6939,2
1656,654,8269,3
1657,654,13661,3
1658,654,1481,2
1659,654,10004,3
1660,654,10542,2
1661,656,2332,1
1662,656,10834,2
1663,656,11149,1
1664,656,8137,1
1665,656,11872,2
1666,657,389,2
1667,657,9237,2
1668,657,4736,3
1669,658,6990,1
1670,658,7821,2
1671,659,12304,1
1672,659,8062,3
1673,659,1060,3
1674,659,13980,2
1675,659,4550,3
1676,661,717,3
1677,661,12020,3
1678,661,4361,1
1679,661,5781,3
1680,662,953,1
1681,662,8197,2
1682,662,9495,1
1683,663,4063,3
1684,663,9049,3
1685,663,8118,1
1686,663,1734,3
1687,664,4634,2
1688,664,395,1
1689,664,9623,3
1690,664,14024,2
1691,667,7394,1
1692,667,7495,3
1693,668,7592,3
1694,668,11605,1
1695,668,9982,2
1696,668,8200,3
1697,669,14816,3
1698,670,5673,2
1699,670,8393,2
1700,670,10800,2
1701,670,5029,2
1702,671,11496,2
1703,671,11663,2
1704,672,7267,3
1705,673,7257,2
1706,673,14872,2
1707,674,1379,2
1708,674,14147,2
1709,674,12962,2
1710,675,4159,1
1711,675,5794,1
1712,675,4137,3
1713,676,13435,3
1714,676,1728,1
1715,676,9120,1
1716,676,1129,1
1717,677,14552,2
1718,677,6668,3
1719,677,3153,3
1720,678,14734,3
1721,678,2089,2
1722,678,7578,1
1723,679,2396,2
1724,679,868,1
1725,679,11480,1
1726,679,634,3
1727,680,6235,3
1728,680,7653,3
1729,680,14328,1
1730,680,14808,3
1731,680,7371,1
1732,681,1289,2
1733,681,4005,1
1734,681,11200,3
1735,681,7304,2
1736,681,9079,2
1737,682,1976,3
1738,682,3326,1
1739,682,14998,1
1740,682,7071,3
1741,682,10867,1
1742,683,14000,2
1743,683,11410,3
1744,683,12301,1
1745,684,6028,2
1746,686,2043,2
1747,686,8506,1
1748,686,10404,3
1749,687,10290,1
1750,687,4194,3
1751,687,5387,1
1752,687,252,1
1753,687,11962,2
1754,688,7052,1
1755,688,2857,1
1756,688,3381,3
1757,690,5945,1
1758,690,2419,2
1759,692,1758,2
1760,692,3890,1
1761,692,6928,2
1762,692,11611,1
1763,693,4080,1
1764,695,6185,3
1765,695,597,1
1766,695,6806,1
1767,695,5583,2
1768,695,8251,1
1769,696,14455,1
1770,697,6459,2
1771,698,9026,1
1772,699,13728,1
1773,699,5946,2
1774,699,12096,3
1775,699,909,2
1776,699,12744,1
1777,700,14011,3
1778,700,12750,1
1779,700,3320,3
1780,700,1842,1
1781,700,11055,1
1782,701,13302,3
1783,701,4564,2
1784,701,13620,2
1785,702,14424,1
1786,702,10853,1
1787,702,1391,3
1788,703,407,3
1789,703,13305,2
1790,703,5086,3
1791,704,10824,1
1792,705,2465,2
1793,705,12353,1
1794,705,1254,3
1795,706,14176,2
1796,706,3090,1
1797,707,2018,3
1798,707,14102,1
1799,707,1895,1
1800,707,11127,2
1801,709,1773,1
1802,709,1530,1
1803,709,12008,1
1804,709,11445,1
1805,709,12482,3
1806,710,12521,3
1807,711,859,1
1808,711,535,2
1809,711,8724,2
1810,711,12255,2
1811,713,14890,3
1812,713,9613,3
1813,714,11525,3
1814,715,7442,2
1815,715,533,3
1816,715,2552,3
1817,715,7970,2
1818,716,11040,3
1819,716,14117,2
1820,716,12095,3
1821,716,7959,3
1822,717,9382,1
1823,718,5261,3
1824,718,152,1
1825,718,3020,2
1826,718,14583,3
1827,719,10053,2
1828,719,6469,1
1829,719,11320,3
1830,719,14140,3
1831,721,12619,2
1832,721,10293,2
1833,722,2667,3
1834,722,5701,3
1835,723,391,2
1836,723,5817,3
1837,723,9262,3
1838,723,12254,2
1839,723,12885,1
1840,724,11343,3
1841,724,525,2
1842,724,4974,3
1843,724,7351,2
1844,725,2024,3
1845,725,11871,3
1846,725,14820,3
1847,725,4826,2
1848,726,14186,3
1849,726,9377,1
1850,726,658,3
1851,727,11932,2
1852,728,10801,1
1853,728,1333,3
1854,728,11244,2
1855,728,4268,2
1856,728,10003,3
1857,729,6401,1
1858,730,6725,1
1859,730,289,3
1860,731,5323,2
1861,731,1213,2
1862,731,10294,2
1863,731,4983,1
1864,731,9786,2
1865,733,7480,2
1866,734,5059,1
1867,734,12825,1
1868,734,9232,2
1869,735,1788,3
1870,735,8176,3
1871,735,14415,2
1872,735,1916,2
1873,736,13770,2
1874,736,4264,2
1875,736,4969,3
1876,736,10120,3
1877,736,6878,1
1878,737,3665,3
1879,737,12738,2
1880,737,6064,3
1881,738,2144,3
1882,739,2116,2
1883,739,8488,2
1884,739,2571,2
1885,740,132,1
1886,740,3109,3
1887,740,213,1
1888,740,8665,1
1889,741,87,1
1890,741,2608,2
1891,741,175,2
1892,744,2650,3
1893,745,1041,1
1894,745,4983,3
1895,746,9788,3
1896,748,120,1
1897,748,14407,1
1898,748,4534,2
1899,748,10054,2
1900,749,6052,1
1901,749,312,3
1902,749,2684,2
1903,751,3392,2
1904,751,2578,1
1905,751,2130,3
1906,751,12671,1
1907,751,2176,3
1908,752,2859,3
1909,752,4046,1
1910,752,14694,3
1911,752,291,2
1912,752,14716,3
1913,753,2386,1
1914,753,5039,3
1915,755,9401,1
1916,755,3825,1
1917,755,1544,1
1918,755,10215,1
1919,755,7409,3
1920,756,11355,3
1921,756,1284,2
1922,757,12519,3
1923,757,3825,2
1924,757,4268,1
1925,757,11312,1
1926,757,1485,1
1927,760,9888,3
1928,760,2919,3
1929,760,14915,1
1930,760,11150,2
1931,761,11818,2
1932,761,1065,2
1933,761,1889,2
1934,761,6896,2
1935,761,10024,3
1936,762,6202,2
1937,762,8799,3
1938,762,5036,1
1939,762,14470,2
1940,763,3310,1
1941,763,723,2
1942,763,12796,1
1943,763,11566,2
1944,764,8951,3
1945,764,5862,3
1946,764,9009,3
1947,764,9864,3
1948,765,6012,2
1949,765,240,3
1950,765,11236,1
1951,765,478,2
1952,765,12467,2
1953,766,3969,1
1954,766,2157,1
1955,767,7701,3
1956,768,2118,1
1957,768,3630,1
1958,768,8886,2
1959,769,886,2
1960,770,3674,3
1961,770,10906,2
1962,770,8598,1
1963,770,9218,1
1964,770,2854,1
1965,771,2507,3
1966,771,4161,2
1967,771,6892,1
1968,771,3038,1
1969,771,1211,1
1970,772,583,2
1971,772,9749,3
1972,772,7150,3
1973,772,8359,3
1974,772,8379,3
1975,773,4573,3
1976,773,1470,1
1977,773,3062,1
1978,774,1116,2
1979,774,9791,2
1980,774,9251,1
1981,774,4361,2
1982,775,1736,3
1983,775,3445,1
1984,775,12660,1
1985,776,5852,1
1986,776,5945,2
1987,776,575,2
1988,777,1404,1
1989,777,6088,1
1990,777,9082,3
1991,777,12411,3
1992,778,2901,3
1993,778,1034,2
1994,778,5171,3
1995,779,9781,1
1996,779,5617,2
1997,779,10883,1
1998,779,13161,1
1999,779,5030,3
2000,780,3959,3
2001,780,127,3
2002,780,10100,2
2003,780,13341,2
2004,780,14578,2
2005,781,14332,1
2006,781,11957,2
2007,781,10434,2
2008,781,2514,3
2009,782,8248,2
2010,782,2574,3
2011,782,9095,2
2012,783,2085,2
2013,784,8165,3
2014,784,7047,2
2015,784,10227,3
2016,785,14307,1
2017,785,10471,3
2018,785,2604,3
2019,786,3303,1
2020,786,1004,2
2021,786,4113,1
2022,786,5891,1
2023,786,10620,2
2024,787,7006,1
2025,788,3858,2
2026,788,6973,2
2027,788,8525,1
2028,789,621,3
2029,790,13195,2
2030,790,13106,3
2031,790,13072,2
2032,790,7910,2
2033,790,1092,1
2034,791,12300,1
2035,791,13296,2
2036,791,3847,3
2037,791,9987,2
2038,791,10639,2
2039,792,1941,2
2040,793,7220,1
2041,793,3060,3
2042,793,14912,3
2043,793,10086,2
2044,794,1490,3
2045,794,6364,2
2046,794,9390,1
2047,794,7116,1
2048,795,9352,1
2049,795,2222,2
2050,795,13615,3
2051,795,1379,3
2052,795,10871,3
2053,797,9775,3
2054,798,5581,3
2055,798,6825,3
2056,798,2425,2
2057,798,6373,1
2058,800,2091,3
2059,801,12300,3
2060,802,4552,2
2061,802,13808,2
2062,804,4429,3
2063,805,4178,2
2064,805,11758,3
2065,805,2962,3
2066,805,5941,3
2067,805,13146,1
2068,806,6467,3
2069,806,7556,3
2070,806,912,2
2071,806,1718,2
2072,806,2661,3
2073,808,779,2
2074,809,3443,2
2075,810,2928,2
2076,810,8135,3
2077,810,12942,1
2078,810,14676,3
2079,811,10393,1
2080,811,3270,1
2081,811,6543,2
2082,813,7738,1
2083,813,4251,1
2084,814,3236,3
2085,814,5826,2
2086,816,14770,1
2087,816,3890,3
2088,816,13204,3
2089,816,7699,1
2090,818,1466,2
2091,818,10757,1
2092,819,13094,1
2093,819,11112,2
2094,819,31,3
2095,819,10086,1
2096,821,6066,2
2097,822,5147,3
2098,822,5904,2
2099,822,10392,3
2100,823,8474,3
2101,823,7615,1
2102,823,8331,1
2103,823,4963,1
2104,824,13080,1
2105,824,13758,2
2106,824,13909,2
2107,824,12405,1
2108,824,1987,2
2109,825,7429,3
2110,825,4911,1
2111,827,13610,3
2112,827,7993,2
2113,828,7296,1
2114,828,14894,2
2115,829,7258,2
2116,829,5853,1
2117,829,7200,1
2118,829,7518,2
2119,830,6418,1
2120,830,1008,1
2121,830,12865,2
2122,831,6117,2
2123,831,7060,1
2124,831,6369,3
2125,831,10622,3
2126,833,2880,3
2127,833,5119,1
2128,834,5454,3
2129,835,13810,1
2130,835,138,3
2131,835,11440,2
2132,835,6909,1
2133,836,6942,1
2134,836,3841,1
2135,836,3554,3
2136,836,6283,1
2137,836,13064,1
2138,838,9215,1
2139,838,6841,2
2140,838,2381,2
2141,839,10855,3
2142,839,3915,2
2143,839,2784,2
2144,839,8099,2
2145,839,9375,2
2146,841,10897,3
2147,841,7450,1
2148,842,9726,1
2149,843,12142,2
2150,843,3311,1
2151,843,9321,3
2152,843,798,3
2153,843,4996,3
2154,845,13382,1
2155,846,2374,2
2156,847,9474,1
2157,847,9487,2
2158,847,7340,3
2159,847,1325,1
2160,847,2001,1
2161,848,4710,3
2162,848,14349,3
2163,848,3745,2
2164,848,3550,1
2165,848,5844,1
2166,849,1706,1
2167,849,14339,2
2168,849,9644,2
2169,850,695,1
2170,850,10003,3
2171,850,3377,3
2172,850,2651,1
2173,850,10754,1
2174,852,8948,1
2175,852,11028,3
2176,852,2848,1
2177,852,465,2
2178,853,9487,2
2179,853,8191,1
2180,854,6903,2
2181,854,8082,3
2182,854,9994,2
2183,854,10997,2
2184,854,10301,2
2185,855,2114,1
2186,855,4772,2
2187,855,14868,1
2188,856,6668,1
2189,856,1357,3
2190,857,4368,3
2191,857,125,2
2192,857,7384,1
2193,857,13658,2
2194,858,9174,1
2195,858,5837,3
2196,858,14140,1
2197,859,3240,1
2198,859,1489,1
2199,860,1518,1
2200,861,8670,1
2201,861,13583,2
2202,861,6660,2
2203,861,4664,1
2204,861,7691,2
2205,862,9730,3
2206,862,7994,1
2207,862,6759,2
2208,862,11031,2
2209,862,12480,2
2210,863,7702,2
2211,863,10930,3
2212,863,7193,3
2213,864,11658,2
2214,864,12032,2
2215,865,1560,3
2216,865,5039,1
2217,865,11226,3
2218,866,1315,1
2219,867,14896,1
2220,868,6720,3
2221,868,7427,3
2222,868,9161,2
2223,868,2859,2
2224,869,4142,3
2225,869,11454,1
2226,869,10659,3
2227,869,13273,1
2228,870,14347,1
2229,870,5636,3
2230,871,987,2
2231,871,12894,1
2232,871,12397,2
2233,872,13886,2
2234,872,11963,2
2235,872,1484,3
2236,872,6020,2
2237,872,10131,3
2238,873,7462,1
2239,874,6783,1
2240,874,14423,3
2241,876,12978,1
2242,876,4030,3
2243,876,10568,3
2244,876,4571,1
2245,877,10484,3
2246,877,7074,2
2247,879,4500,3
2248,879,8503,3
2249,879,2804,3
2250,879,7381,3
2251,879,11705,1
2252,880,2113,1
2253,880,13908,3
2254,880,4568,1
2255,880,12969,2
2256,880,6427,2
2257,881,390,1
2258,881,4391,2
2259,881,4691,2
2260,882,13841,1
2261,882,942,3
2262,883,4011,1
2263,883,12377,3
2264,883,8516,1
2265,884,6411,2
2266,884,2787,2
2267,885,3873,3
2268,885,4581,1
2269,885,4004,2
2270,886,10807,1
2271,886,9071,2
2272,887,9491,1
2273,888,11500,3
2274,888,2408,2
2275,888,5225,1
2276,889,6862,3
2277,889,6737,1
2278,890,1748,2
2279,890,2744,3
2280,890,12666,3
2281,891,688,2
2282,891,13417,2
2283,891,3880,3
2284,891,10581,2
2285,892,6963,2
2286,892,216,1
2287,892,11054,3
2288,892,12957,1
2289,893,7090,3
2290,893,6268,1
2291,894,8985,2
2292,894,10385,2
2293,894,14069,2
2294,895,9955,1
2295,895,2625,3
2296,895,10343,3
2297,896,2830,3
2298,896,6045,2
2299,896,4832,3
2300,896,12560,1
2301,896,9788,1
2302,897,10313,2
2303,897,12766,3
2304,897,7572,1
2305,897,7120,3
2306,897,5004,2
2307,898,10921,1
2308,898,10235,1
2309,898,8957,1
2310,898,14254,2
2311,899,9076,2
2312,899,13093,1
2313,899,14988,2
2314,899,10105,3
2315,900,12948,2
2316,900,2518,1
2317,900,2063,3
2318,900,3874,3
2319,901,7476,3
2320,901,6856,1
2321,902,549,1
2322,902,13533,3
2323,902,9446,2
2324,902,10598,2
2325,902,9182,2
2326,903,13175,3
2327,903,8603,2
2328,903,6608,3
2329,903,2180,3
2330,904,11332,2
2331,904,5325,3
2332,904,11807,1
2333,904,11999,1
2334,904,9976,1
2335,906,6787,3
2336,907,1367,3
2337,907,3104,1
2338,908,14211,1
2339,908,929,2
2340,908,8211,1
2341,909,10003,2
2342,909,13957,2
2343,911,12518,2
2344,911,5978,1
2345,911,9904,2
2346,912,7415,3
2347,912,11779,3
2348,912,3115,1
2349,912,12486,2
2350,914,2370,3
2351,914,4093,3
2352,914,371,2
2353,915,10104,2
2354,915,1781,1
2355,915,960,3
2356,917,11745,1
2357,917,5959,3
2358,917,8730,1
2359,917,814,1
2360,917,11453,2
2361,918,3466,1
2362,919,8193,3
2363,919,9254,2
2364,919,4479,2
2365,919,1880,2
2366,921,8858,1
2367,921,8822,3
2368,921,8411,1
2369,924,666,2
2370,924,1374,2
2371,924,4338,3
2372,925,5637,1
2373,926,12376,2
2374,926,871,2
2375,926,11632,2
2376,926,366,1
2377,927,14473,3
2378,927,10029,3
2379,928,4682,3
2380,928,13695,1
2381,928,10778,1
2382,928,10510,1
2383,928,11788,3
2384,929,6696,2
2385,930,10857,2
2386,930,10605,3
2387,932,3702,3
2388,933,2907,2
2389,934,9085,3
2390,934,4474,3
2391,934,13375,3
2392,934,10604,1
2393,935,10821,3
2394,935,7442,3
2395,936,7739,1
2396,937,10752,3
2397,937,8624,1
2398,937,5676,2
2399,937,13741,2
2400,937,13742,1
2401,938,6380,2
2402,938,11662,1
2403,939,3009,2
2404,939,579,2
2405,939,7138,1
2406,940,5852,3
2407,940,13371,2
2408,940,3624,2
2409,941,14525,2
2410,941,244,2
2411,942,11566,3
2412,942,5560,1
2413,942,4089,3
2414,942,6444,2
2415,942,996,1
2416,943,11442,1
2417,943,6902,3
2418,943,1701,2
2419,943,9101,3
2420,943,3042,3
2421,945,6367,1
2422,945,8589,2
2423,945,13270,1
2424,945,2128,3
2425,945,7330,1
2426,946,11490,3
2427,947,14500,1
2428,947,4812,2
2429,948,5784,2
2430,948,4217,3
2431,948,9780,1
2432,948,12853,1
2433,949,9115,1
2434,949,7942,3
2435,950,5420,1
2436,950,11627,3
2437,950,9196,3
2438,950,5249,1
2439,952,12109,3
2440,953,12115,2
2441,953,5556,3
2442,953,2423,2
2443,953,3034,1
2444,954,7401,1
2445,954,7490,2
2446,954,9024,2
2447,954,6164,2
2448,956,6758,3
2449,956,5865,3
2450,956,4112,2
2451,956,1771,1
2452,956,2615,2
2453,957,7060,1
2454,957,4898,3
2455,957,6013,3
2456,957,5855,2
2457,958,5222,1
2458,958,1817,3
2459,958,9155,3
2460,959,8040,3
2461,959,6268,2
2462,959,8934,2
2463,959,9139,2
2464,960,3952,3
2465,960,2215,3
2466,962,8980,1
2467,963,11241,3
2468,963,6670,2
2469,963,10430,2
2470,965,4426,2
2471,965,9008,2
2472,965,6843,2
2473,966,12664,1
2474,966,7162,1
2475,966,6786,3
2476,967,13239,1
2477,967,5457,2
2478,967,5643,1
2479,967,4291,3
2480,967,1827,1
2481,969,3804,1
2482,969,4031,2
2483,969,3079,1
2484,969,13980,2
2485,970,13314,2
2486,970,10521,1
2487,970,8894,1
2488,971,5285,2
2489,971,802,2
2490,971,10950,3
2491,971,13907,3
2492,972,9200,3
2493,973,9886,2
2494,973,12086,2
2495,973,9048,2
2496,974,14498,3
2497,974,1124,1
2498,975,14888,2
2499,975,8729,1
2500,975,4191,1
2501,975,11089,3
2502,975,9657,2
2503,976,10558,2
2504,976,795,1
2505,976,1684,2
2506,976,6029,1
2507,977,7358,2
2508,977,6874,2
2509,978,1578,2
2510,978,8790,3
2511,978,10936,1
2512,979,7014,3
2513,979,13857,2
2514,980,13176,3
2515,981,13248,3
2516,982,2599,1
2517,982,1273,1
2518,982,8235,2
2519,984,2522,1
2520,984,3247,2
2521,984,10881,2
2522,984,8826,3
2523,986,2298,2
2524,986,1354,1
2525,987,2969,3
2526,987,6793,2
2527,987,13260,2
2528,987,983,1
2529,987,4461,3
2530,988,1785,3
2531,988,14642,3
2532,988,405,3
2533,988,12860,1
2534,988,7356,2
2535,989,4198,3
2536,989,7554,1
2537,989,12866,3
2538,990,3524,2
2539,990,6963,2
2540,991,1138,3
2541,991,13382,2
2542,991,6126,2
2543,991,13299,2
2544,991,10691,1
2545,992,2065,1
2546,992,14819,1
2547,992,2336,3
2548,992,8677,1
2549,993,8903,3
2550,993,360,3
2551,993,1645,2
2552,994,14645,3
2553,996,5606,1
2554,996,6436,2
2555,997,3803,1
2556,997,2890,3
2557,997,4372,1
2558,998,12556,1
2559,998,12946,1
2560,998,3288,1
2561,998,3042,2
2562,998,1351,1
2563,999,4900,1
2564,999,3727,2
2565,999,6150,2
2566,999,2113,2
2567,999,13245,3
