cart_id,product_id,quantity
1,3214,3
2,1614,1
2,4580,3
2,5963,2
3,9538,3
3,4249,1
4,5785,3
4,5664,1
6,4460,3
6,1838,1
7,13118,1
7,10971,2
7,13503,1
8,3237,1
8,2539,2
8,2888,2
9,10163,2
10,14881,3
10,12315,2
10,9598,2
10,7025,2
11,5853,2
11,14241,2
11,5718,1
13,8449,1
13,6496,3
14,6129,2
14,7868,3
14,12343,2
15,11409,1
15,8212,2
15,3175,2
16,5893,3
16,1911,3
16,12561,3
16,11631,1
17,1202,2
17,12727,1
17,9440,2
18,13778,1
20,14903,3
21,7765,2
21,212,3
21,8418,3
23,6911,2
23,6190,3
23,840,1
23,7381,3
27,12037,1
27,7680,2
29,9186,2
30,13071,2
30,9794,3
31,5996,1
31,4068,3
31,10242,1
32,7691,2
32,10534,1
32,6918,3
32,3827,2
33,3469,1
33,902,2
34,14269,1
34,3878,1
35,13953,1
35,9506,2
36,171,1
36,12789,1
37,9077,1
37,9222,3
37,14391,2
38,9557,2
38,8411,3
40,9533,1
40,2832,3
40,6689,2
41,9759,3
43,1195,3
43,6115,3
43,9532,2
43,7780,1
44,1770,2
44,2667,3
44,4637,1
45,10662,3
45,11218,2
45,7825,2
45,13814,1
46,10011,1
46,30,2
47,2459,2
49,8406,2
49,5394,2
50,8972,3
50,2655,3
50,10056,2
51,10723,1
51,2802,1
51,3425,1
51,11741,2
52,2484,1
52,4827,1
54,2352,3
54,14461,1
54,2895,2
54,14693,2
55,3225,3
56,14438,3
56,3947,1
56,9333,1
56,11700,3
57,6998,3
57,10625,3
57,11946,1
57,4666,1
59,9149,1
59,505,1
59,12197,3
59,5580,1
60,12696,3
60,8447,3
60,8235,3
60,8999,1
61,4920,1
62,1932,1
62,13838,3
62,14248,1
62,12255,1
63,1430,3
64,8454,3
64,3979,3
64,10949,1
64,5156,3
66,680,2
66,6753,2
66,11118,2
66,744,2
67,6037,3
67,12578,3
68,7980,2
68,2882,1
69,5147,1
69,4651,3
69,3244,3
70,3671,3
70,1476,3
70,2474,3
70,7484,2
72,11056,1
72,8077,3
74,10891,1
74,1314,3
75,1038,2
75,1150,1
75,7522,1
75,3797,2
76,9035,2
78,13598,2
78,13363,2
78,127,3
79,2182,1
79,4863,3
79,9363,3
80,14106,1
81,152,1
82,9154,3
83,5326,2
83,12527,1
83,9744,2
83,10666,1
84,2349,3
85,3252,1
85,7708,1
86,7716,3
86,3625,3
86,149,1
86,14700,2
87,10628,1
87,6865,3
88,13832,2
88,4778,3
88,3223,2
89,12431,3
89,7601,2
90,4321,3
90,2742,2
90,11783,2
91,14297,2
91,10741,1
91,12751,1
92,14133,1
92,6037,3
92,6287,1
93,4977,3
93,7891,3
94,1714,1
94,10515,2
94,6690,3
97,13041,1
98,4713,1
99,11106,3
99,14506,3
99,1219,2
99,8890,3
100,4401,3
100,4716,1
100,10342,1
100,4820,3
101,2482,3
101,9322,1
101,1776,3
101,3905,1
102,4913,2
102,2050,1
103,9299,3
103,12242,3
104,2865,2
105,14737,3
105,9066,1
105,4651,1
106,1786,1
106,3424,1
107,7821,1
108,413,3
109,13842,2
109,2811,1
109,13635,1
109,6709,3
110,295,2
110,14989,3
111,1697,1
111,5108,1
111,759,2
111,7087,2
112,10042,3
112,5082,2
114,14245,3
115,8612,3
115,11026,1
115,8670,3
115,10713,2
116,2395,1
116,13995,2
116,7052,2
117,11117,1
117,13206,3
118,4741,3
118,10037,1
118,10433,1
118,1303,1
120,4762,2
120,2507,2
120,12147,1
121,4897,2
122,3778,3
122,7818,3
123,11932,1
123,1120,3
125,9702,1
128,144,2
128,3772,3
128,12932,2
129,7247,3
129,6405,3
129,3665,3
129,14676,3
130,9251,2
130,6061,1
130,2945,1
131,14337,2
131,1887,1
132,13264,1
132,8765,2
132,246,2
133,3884,1
133,5574,1
133,10472,2
133,9694,3
134,12924,3
134,10952,3
135,6250,1
136,9576,1
136,3124,2
136,6539,2
136,835,3
138,13659,2
138,5826,1
139,11324,3
139,8507,2
139,11951,1
139,2228,3
140,14188,2
140,3772,1
142,3315,1
142,1843,2
142,2037,2
142,731,3
143,11687,2
143,11314,2
143,13918,1
146,5224,3
146,11050,1
147,2573,2
147,8298,2
147,10395,2
149,12334,1
149,14357,1
149,1449,3
149,13175,1
150,13863,2
151,11188,3
152,5647,1
152,12216,1
153,7565,1
153,8503,2
154,1470,2
154,8679,3
154,11716,1
155,8614,1
155,4462,3
155,6917,2
155,3389,1
156,14353,3
156,10279,1
157,965,1
157,8006,1
158,14173,1
158,12561,2
158,8550,3
158,9821,1
159,1913,3
159,6793,2
160,4916,3
160,13015,1
160,14912,3
160,6519,3
161,6345,2
161,1793,2
161,14877,2
161,8571,3
162,6233,3
163,7268,1
163,5656,2
163,11720,1
166,10797,3
166,11448,3
166,454,2
166,9767,1
168,11514,3
168,2996,2
170,7273,2
170,2750,1
170,6072,1
170,10319,3
172,12845,2
173,12463,2
173,5180,3
174,2723,1
175,11596,3
176,4390,2
177,4780,2
178,9370,1
179,953,1
180,3082,1
180,19,2
182,4898,2
183,12358,3
183,10492,3
183,5040,2
185,4893,1
185,4920,1
187,7679,2
187,5431,1
188,8356,1
188,1510,2
190,3434,1
190,14572,3
190,2197,1
190,12500,2
191,3959,1
192,10122,3
192,7510,2
193,7083,2
193,3081,1
194,12671,3
195,14562,2
195,1103,2
195,5387,1
196,1772,3
196,1826,3
196,6359,2
197,3184,1
197,2617,2
199,10091,1
199,8707,2
199,6963,2
200,14955,1
200,10972,3
201,4082,3
202,4308,2
203,9643,2
203,237,2
203,10051,1
204,11136,3
205,10469,3
205,12080,1
206,9546,3
206,7073,1
206,5067,1
208,1961,1
208,4783,3
208,12830,2
208,1242,3
209,6990,3
209,9845,2
210,3519,2
210,6642,1
211,615,2
211,11132,1
211,10545,2
213,2107,2
213,5250,1
213,7391,1
214,12727,2
214,8478,1
214,2751,3
216,1480,1
216,6887,3
216,253,3
216,11500,1
217,11235,3
217,621,3
217,5299,3
217,13355,3
219,13313,3
220,11949,3
220,8413,1
221,2535,2
221,13796,3
221,3295,2
222,11746,3
222,14382,3
222,840,3
223,4300,3
224,2212,2
224,6237,1
224,7233,3
225,1962,2
225,7358,1
225,12336,2
226,6202,1
226,9663,3
227,14073,1
227,12852,2
227,8238,1
227,12814,3
228,699,3
228,6301,2
229,6874,3
230,9211,1
230,3300,3
230,13017,2
230,513,1
231,6984,1
231,8132,1
231,10853,2
231,1653,2
233,10411,2
233,11377,2
233,138,3
233,2463,2
234,4959,1
234,13521,1
234,3302,2
234,9566,3
235,14814,3
235,4013,3
237,12008,3
237,3533,3
237,14542,3
237,3844,1
238,12110,3
239,13760,3
239,13773,3
240,1190,1
240,11594,1
241,2432,2
241,6287,2
241,5317,1
242,5987,2
242,4063,3
242,1683,2
243,331,1
243,14949,2
243,5853,2
244,6092,2
244,863,3
245,263,3
245,2233,1
247,6735,2
247,4274,2
249,3417,2
251,6760,3
251,2467,3
252,1268,3
252,5840,3
252,12362,1
252,11982,2
253,11290,2
253,6974,2
253,3679,3
253,6860,1
254,11421,2
254,9876,2
255,11687,3
255,12828,1
256,11586,1
257,11813,2
257,3225,1
258,13761,2
258,7029,1
258,5286,2
258,9497,1
259,2985,1
259,6729,1
259,9980,3
259,14421,1
260,14442,3
261,4296,2
262,2257,2
262,5839,2
264,1551,3
264,11769,2
266,7533,3
266,1286,3
267,3,2
267,3918,2
267,5258,1
267,8194,1
268,14789,1
269,2149,2
269,9108,3
269,6682,3
269,12857,3
270,4779,2
270,4652,3
271,14881,3
271,10289,3
272,1197,3
272,9342,1
272,4415,1
273,5635,3
273,235,2
273,963,3
275,14668,3
275,7322,2
275,8151,3
275,14958,2
276,2887,3
277,10677,1
277,2499,2
278,6768,1
278,4614,3
278,3150,2
279,12805,3
279,1379,3
279,11118,1
279,3661,2
280,4953,2
280,11095,2
280,11504,2
281,895,3
281,2083,3
281,4396,3
283,11954,2
283,8903,1
284,6157,2
284,7031,1
284,7862,1
284,5915,3
285,5585,2
285,13849,1
286,13628,2
286,894,2
288,7097,1
288,1520,2
288,13105,1
288,6206,3
289,9691,3
289,7215,2
290,12924,2
290,12294,2
292,1228,1
292,7323,3
293,3119,3
293,14927,3
293,8961,3
294,1056,2
294,11221,2
295,12947,3
295,10945,3
295,11066,3
296,5769,3
297,9790,3
297,13604,2
298,8676,2
298,3096,1
298,7237,1
298,7885,2
299,1323,1
300,12978,1
302,3193,3
302,12380,2
302,2578,1
302,6363,3
303,3513,2
304,14630,3
305,2471,3
306,12059,3
307,9926,3
307,2069,2
307,2101,1
308,4219,3
308,283,2
308,2004,1
308,145,2
309,11966,3
309,963,3
310,12554,3
310,1036,2
310,10999,3
310,8435,1
311,13005,2
311,4470,3
311,12591,3
311,12203,3
312,10878,2
312,14123,1
312,8092,1
312,4786,2
313,786,2
316,178,3
316,1087,2
317,11737,1
317,2133,3
318,12680,2
318,11701,3
319,7680,1
319,8545,2
321,9735,3
321,10617,2
323,12146,3
323,8098,2
325,12831,3
325,3649,3
326,8883,3
327,11010,1
327,13771,1
327,4270,2
327,714,1
328,10885,2
328,520,1
329,7326,2
329,9866,2
331,6961,3
331,7429,3
331,9112,3
331,12395,2
332,7208,3
332,11918,2
332,14297,1
332,6603,2
334,9700,3
335,9247,1
335,6465,2
337,14310,1
337,3986,2
337,11915,3
338,6313,1
338,510,2
339,65,3
339,14168,2
339,10149,1
339,10021,3
341,11536,3
341,12972,1
341,11889,3
342,9474,2
343,8570,2
343,2627,1
343,5382,1
344,14997,2
345,12172,2
345,10302,3
345,4458,3
346,7585,3
346,7676,2
347,5853,3
347,10051,3
347,14895,3
347,10351,3
348,12137,1
348,13601,1
348,9470,3
351,1317,1
352,9663,3
352,13871,2
353,9809,1
354,1950,1
355,12052,3
356,9086,3
357,11868,3
358,12048,2
358,4150,1
358,8787,2
358,1231,3
359,6060,1
360,9682,3
360,10512,2
361,2999,1
361,14181,1
362,8712,3
362,3044,3
362,12027,2
362,13598,1
363,4539,2
364,32,2
365,4029,3
366,6290,1
366,6127,1
366,2810,3
366,1248,2
367,2063,2
367,7585,3
367,7466,2
368,11296,2
368,8985,3
369,12965,3
371,11524,1
371,440,1
371,8195,1
371,3055,1
372,4371,2
372,11724,1
372,9054,1
373,12254,3
373,6580,2
374,4312,3
374,1489,3
374,13255,2
374,12735,1
375,5185,3
375,7538,2
377,2283,2
377,8595,2
377,621,3
377,7983,2
378,12877,3
378,1890,1
379,3705,2
380,11986,2
380,2742,2
380,2797,3
380,13614,3
381,3373,2
381,14473,1
382,1803,1
384,9279,2
384,3688,2
384,2807,3
384,3229,3
385,1254,1
385,428,3
385,8645,1
385,12219,1
386,3662,3
387,614,3
387,4424,1
387,13412,1
388,12017,3
388,986,3
388,10486,2
390,8213,2
391,14829,2
391,5066,1
392,6193,3
393,3366,2
395,8751,1
395,10466,1
396,4703,2
396,278,3
397,4685,1
397,6294,3
397,13619,3
397,2418,3
402,11850,3
402,2704,1
402,12533,2
403,2773,3
403,8342,2
403,2437,2
403,686,3
404,7635,1
404,495,3
404,10447,3
404,12048,3
405,11054,2
405,6507,1
407,11219,3
408,6119,1
408,4267,1
408,2668,3
410,14900,1
411,14106,1
412,842,2
412,3972,3
412,44,1
412,10995,2
413,11463,3
414,9142,2
414,12196,1
417,14548,2
417,13207,2
417,307,1
417,10878,1
418,2400,3
418,6966,3
418,3649,2
419,5269,1
419,498,2
420,5005,3
420,3914,1
420,2513,3
421,11972,1
423,11308,2
423,14638,1
423,684,3
425,4025,1
425,11473,2
425,12228,1
425,7590,2
426,13405,1
426,10934,1
426,1515,3
426,11562,3
427,1701,1
430,11537,3
430,7394,3
431,9428,2
431,496,1
431,10526,2
433,3529,3
433,2270,1
434,6038,2
434,9205,2
435,12095,1
435,4144,1
436,10897,2
437,6521,1
438,2570,2
438,8627,1
438,197,2
438,5682,2
439,2429,3
440,13667,2
440,14605,3
440,13826,1
441,360,1
441,555,2
441,9790,1
441,8472,1
442,4614,3
443,6151,2
444,6075,2
444,8851,1
444,208,3
444,5941,1
445,10908,1
445,7620,2
445,12342,1
446,12008,1
446,2317,1
447,6863,2
449,9117,3
449,121,2
450,7819,3
450,2820,3
450,6901,1
450,5446,2
451,956,1
451,8307,3
452,743,2
452,13474,1
452,1964,1
453,4178,1
453,14689,1
454,890,2
455,5503,3
455,7127,3
455,6334,3
456,5829,3
456,5655,3
456,5800,2
458,2832,2
458,4087,2
459,13585,2
459,6714,3
459,14816,1
459,3806,1
460,6700,2
461,5692,1
461,11944,2
461,9299,2
461,9421,2
464,8980,3
464,7823,2
464,965,2
465,958,1
466,5113,1
466,14330,1
466,12846,3
466,5689,3
468,1221,1
468,12371,3
468,2312,2
468,4886,1
469,12524,1
469,2175,3
471,14718,1
472,10281,2
472,1302,1
473,7015,1
473,4881,1
473,1200,2
473,8484,2
474,14935,3
474,12421,2
475,13771,2
475,9675,3
475,11206,3
476,2133,1
476,7049,1
477,12397,3
477,642,1
477,12555,2
478,8161,1
478,9723,3
478,4294,2
479,9490,1
479,7235,3
479,5285,1
479,12904,3
480,1995,3
480,6540,1
481,14502,3
481,8525,1
483,6715,3
483,11154,2
483,9678,3
483,9511,1
484,10455,2
484,6445,3
486,11320,1
487,3627,3
487,1635,3
487,666,3
490,4028,1
490,5934,2
490,10011,2
490,14702,1
491,1349,3
491,11120,3
491,3585,2
493,7503,1
493,1608,2
493,4635,2
493,5583,2
494,4097,3
494,3337,2
494,12645,2
494,14687,2
495,6818,3
495,13693,2
495,10195,2
495,7716,3
496,4233,3
496,10484,3
496,12877,1
496,10193,3
497,10619,2
497,2243,3
497,13650,3
497,6373,1
498,6357,2
498,1167,2
499,8005,1
499,6571,1
499,308,2
500,9731,2
502,5257,2
503,9311,3
503,6111,3
503,4822,1
503,14600,2
504,6267,3
504,5263,1
507,6346,3
507,5232,1
508,8128,2
510,3025,1
510,9030,3
511,11905,1
511,11235,1
512,7611,3
512,5401,3
512,6981,3
512,1391,3
513,5714,3
513,14162,1
513,8110,2
514,3775,3
514,3556,2
514,5903,1
518,1398,3
519,14519,1
522,589,3
522,4190,1
523,410,2
523,9056,1
523,14139,1
524,11256,1
524,8944,2
525,2965,3
526,4841,3
526,10341,1
526,745,2
526,4792,3
527,4013,3
527,8052,1
528,13276,2
528,11847,3
528,6956,3
529,12836,2
529,2768,3
529,13416,2
530,7668,2
530,660,1
530,14698,1
531,6338,2
531,12285,2
532,9640,3
533,13972,2
535,5865,2
535,10607,2
536,5389,1
536,14987,3
536,13285,1
537,12739,3
540,8935,1
540,7246,1
541,13880,1
541,12838,1
543,14202,1
543,11413,3
543,9458,1
544,6450,1
544,982,2
544,5043,3
546,11463,3
546,8576,3
546,1989,3
547,1821,3
547,262,2
548,9249,1
548,14957,2
548,1831,2
549,783,1
549,11698,2
549,5290,3
550,14981,3
550,10439,1
551,6427,3
551,934,2
551,6415,3
552,12099,1
553,6590,1
553,10684,1
554,6885,2
554,3781,1
554,1032,2
555,1040,1
555,10509,1
555,952,2
556,401,2
558,10050,3
558,10377,1
558,13438,1
559,9490,3
559,814,1
559,10023,1
559,12111,3
560,9787,1
560,11649,1
560,14248,1
560,11677,2
561,10825,3
562,9930,2
562,2071,2
562,7833,1
563,294,3
563,12246,3
564,8197,3
564,7301,2
564,12260,2
564,9203,1
565,10309,3
566,13338,2
567,3648,1
567,6741,2
568,10222,3
568,6465,1
568,6311,1
570,1491,2
571,8275,2
573,1868,2
573,9272,2
573,6724,2
573,2708,1
574,7546,3
575,10196,2
576,14889,1
577,14082,1
577,8948,3
577,13772,2
578,14289,1
578,10191,3
581,3686,2
581,11264,1
581,128,3
581,8161,3
583,11859,2
583,1071,1
583,5385,2
583,13611,3
584,668,3
584,14703,2
584,10054,2
585,2898,3
587,14255,2
589,10825,1
589,5700,3
589,8057,3
589,10532,2
590,7724,1
590,5326,2
590,1306,2
590,3321,2
591,11605,2
591,3743,2
591,4219,1
592,8566,2
592,2301,2
592,8097,2
593,13374,1
593,13915,1
595,5731,2
595,1494,3
596,2962,2
596,5359,2
596,6759,2
596,376,2
597,8419,3
597,7950,3
597,5042,1
598,7714,3
598,1845,3
598,3365,2
598,1596,3
600,11227,2
601,11212,2
601,1872,3
601,6616,2
602,7039,3
602,5741,1
602,9464,2
603,10359,2
603,4122,1
605,8645,1
605,916,1
606,1014,3
607,9403,3
607,2500,3
607,8907,2
608,11338,2
609,13322,1
609,12752,2
609,9465,2
609,5478,3
611,4369,1
612,9260,3
613,8820,1
613,13675,3
613,10352,1
614,10877,1
614,11814,2
614,9426,2
614,3185,2
616,8404,3
617,6696,2
617,2996,3
617,12556,1
618,14798,1
618,8676,3
618,9013,2
619,11221,3
619,8432,2
620,13694,2
620,2502,2
624,2629,1
624,5563,2
626,8388,1
627,6759,1
627,12780,1
627,8035,1
627,1178,1
628,14802,2
628,7027,1
628,988,2
629,9534,3
629,5513,1
629,12956,1
631,7033,2
631,11670,1
631,10456,1
631,9921,1
633,9466,1
634,9618,3
634,11570,3
634,2201,1
635,13310,1
635,6654,1
635,11181,1
636,13109,3
636,6420,2
637,9923,1
637,6703,2
638,597,3
638,12643,1
638,5267,3
638,2302,1
639,2937,3
639,1382,2
640,14393,3
640,7978,1
641,7393,2
641,1926,2
643,13638,2
643,14901,2
644,13864,2
644,8547,1
644,9759,1
645,2103,2
645,2816,3
645,12687,3
645,5819,2
646,5909,2
647,3376,3
647,4547,1
647,10246,1
647,10771,3
649,8767,2
649,12924,3
649,14955,3
650,12102,2
650,9506,2
650,583,2
650,10330,3
651,12242,1
651,4211,1
651,11287,3
652,11305,1
652,10741,1
652,1795,2
655,3041,3
656,11543,2
656,9833,3
656,4588,2
657,12791,3
657,10951,2
658,14073,3
659,2279,1
659,13017,3
660,8193,3
661,12777,3
661,14631,1
662,2075,1
662,8612,3
663,11176,2
663,8102,2
664,2420,3
664,13104,3
665,8368,1
665,14065,1
665,3956,2
665,14191,3
666,12366,3
666,1731,2
666,10928,2
666,11778,1
667,7889,3
667,11540,3
667,13215,1
667,10733,2
668,8992,1
669,7190,3
669,1278,3
670,168,3
671,7400,2
671,12558,1
673,12945,3
673,11815,1
673,8660,1
674,556,2
676,851,2
676,11486,2
676,7618,1
677,13142,3
677,5711,1
677,184,3
678,8800,2
678,11004,1
679,2241,3
680,2099,1
681,5583,2
681,8134,3
681,1666,2
681,9804,1
682,10152,2
683,2568,3
684,6051,2
684,1706,3
685,343,3
686,11123,1
686,3967,1
686,7972,3
687,12513,3
687,6816,3
687,11861,1
687,9251,1
688,11572,2
690,1689,3
690,7302,2
692,11854,3
692,7933,2
692,12335,3
693,9972,2
693,10612,1
693,2777,2
694,10578,1
694,4697,1
695,529,1
696,14662,2
696,7272,1
696,2119,2
696,1433,2
697,9198,2
697,2917,2
699,1942,3
699,7726,1
699,12387,2
699,2183,2
700,13483,2
700,5373,2
700,9530,2
701,11531,2
702,6969,1
702,2602,1
702,8350,1
702,13637,1
703,6672,1
703,7718,1
703,9636,2
703,1500,3
704,14051,2
705,12732,1
705,6504,1
705,13155,3
705,3899,2
706,9856,1
708,13537,2
708,9030,3
708,3916,1
708,14724,3
711,8516,1
711,1589,1
712,10881,1
712,4316,1
712,12451,1
712,13498,3
714,7468,3
715,12038,3
715,10016,2
715,9812,1
716,2911,1
718,6562,2
718,8089,2
718,10386,2
719,602,1
720,13998,1
720,10415,3
720,820,2
721,1788,3
721,8633,1
721,8465,1
721,6152,2
724,10989,3
724,6512,1
724,6792,3
724,13718,2
726,14750,1
726,4516,1
727,1531,3
728,14838,2
728,9343,1
729,8849,2
729,3113,3
730,9921,1
730,13393,1
731,4666,3
731,7072,2
732,10261,3
732,13739,1
732,5239,1
733,14001,1
733,5676,3
734,40,2
734,1633,2
734,12551,3
735,6106,3
735,14033,3
735,5126,2
735,3872,2
736,7862,2
736,10466,2
737,5220,3
738,1413,1
738,5426,2
738,12898,3
739,6464,3
739,4409,2
740,493,2
740,5882,2
740,52,3
741,1985,3
742,7408,3
742,575,1
742,8866,3
742,11695,2
743,1446,1
743,7558,1
743,7075,3
743,7208,2
744,6823,3
744,4229,1
744,4701,3
744,4727,3
746,10676,3
746,709,1
746,2771,1
746,11827,1
747,2815,3
747,4345,1
747,3835,2
747,3523,1
748,8513,2
748,13360,1
748,7449,2
749,2935,3
749,14101,2
750,11610,3
753,3070,3
753,14859,1
753,9526,3
753,3487,1
754,4929,1
754,8571,2
755,6801,3
755,4944,2
755,13739,2
756,673,3
756,5496,1
757,7068,3
758,13191,3
759,2385,2
759,526,2
760,11360,2
760,10586,2
760,11595,1
760,8851,1
761,12707,2
762,6095,1
763,13662,1
764,351,2
764,4886,3
765,2687,3
765,2527,3
765,14654,3
767,2452,3
767,3259,2
768,13563,3
768,3290,3
768,593,2
768,11943,3
770,2333,1
770,6714,3
770,2707,2
770,3419,1
771,9122,1
771,14386,3
771,6078,3
773,5718,1
773,10299,1
773,11237,2
773,2344,3
775,7769,2
776,6701,1
778,5013,3
778,1198,1
778,4165,3
779,10311,3
780,3578,1
781,7585,1
781,1803,2
781,11751,2
781,6604,1
782,6787,1
782,3305,3
782,13481,3
782,7613,1
784,12455,1
786,5304,2
786,14006,3
787,14824,2
787,12965,3
788,3529,3
788,7964,3
788,6801,1
788,8774,3
789,1684,3
789,4321,1
790,8047,1
790,14861,3
791,720,1
791,5257,2
791,3341,3
792,7871,3
792,4758,3
793,7095,1
793,7332,1
793,14177,1
793,7339,2
794,9012,3
794,7443,3
794,3253,1
794,14110,3
797,8587,2
798,5006,1
798,10334,3
799,12463,2
800,10757,2
801,9682,2
801,9914,3
801,5948,1
802,3595,2
802,14438,1
805,11163,1
805,7863,3
806,4200,3
806,9169,2
806,13874,1
807,3503,1
807,11416,2
807,954,2
808,3371,1
808,12273,3
808,4808,1
809,12787,2
809,5842,3
809,1176,3
809,3779,1
810,674,2
810,7485,1
810,11914,2
810,7021,3
811,2015,3
811,13722,2
812,4083,3
813,9394,3
813,14621,1
813,12215,1
814,2792,2
814,12464,1
815,13217,3
815,3267,2
815,7127,3
815,6142,3
816,14791,2
816,3728,1
817,9454,3
817,11356,3
819,3437,2
821,8934,1
821,14715,3
821,2170,3
822,9833,1
822,13167,1
822,5211,2
823,4784,3
823,7856,2
823,11590,3
823,11142,1
824,5230,3
826,1523,2
826,6039,2
826,13874,3
827,14074,3
827,7902,1
827,9613,3
827,5674,2
828,8389,2
829,2565,1
830,7095,1
830,13179,3
830,14473,2
831,13347,2
831,8706,3
832,7620,1
832,6562,1
833,5112,2
833,9879,2
834,12669,2
835,730,3
835,1286,1
835,11838,3
835,11901,2
838,2831,1
838,2192,3
838,10401,1
838,13812,1
840,13655,1
840,3207,3
840,1053,2
841,6792,2
841,3613,3
841,607,2
841,13617,1
842,3348,2
844,8848,2
844,4732,2
845,5888,3
845,7796,3
846,12312,1
846,10368,1
849,14664,1
849,9539,1
849,5991,2
850,4871,2
850,3256,1
851,611,1
851,1406,3
851,5501,1
851,1239,3
852,6144,2
852,1791,2
852,6259,3
853,3384,1
853,7032,2
856,14757,3
857,837,3
857,9237,3
857,2780,3
858,7783,1
858,12345,1
859,10303,3
860,13886,2
860,7524,2
860,1971,3
860,1096,1
861,2229,1
861,2629,1
865,13439,3
865,4565,2
866,4831,3
866,3165,3
866,5861,2
866,7362,3
867,4838,2
868,13527,2
868,10439,2
869,10309,2
870,8331,1
870,7864,3
870,5501,2
871,136,1
871,12290,3
872,310,1
872,10642,3
873,14172,3
873,1243,1
874,4863,1
874,3400,2
874,11978,2
874,1324,3
875,2202,1
875,3147,2
875,7563,1
875,7527,1
876,11575,2
879,3430,3
879,10046,3
880,3535,1
880,14924,2
880,9598,3
880,9908,3
882,10203,2
882,4833,1
882,6895,1
882,3796,1
883,7296,1
883,11771,1
884,3081,1
885,3936,1
885,10180,3
885,2002,2
885,8134,2
886,14239,2
886,13744,1
887,11629,2
888,8422,1
888,8685,3
888,2535,2
888,439,2
889,9433,3
889,2496,1
889,1598,1
889,7953,3
890,13382,2
890,9515,2
890,10612,1
890,2123,2
891,11047,3
891,6833,3
891,13186,2
892,11153,1
892,3065,1
892,6731,2
893,6797,2
893,8701,2
893,2924,1
893,7052,2
894,3016,3
895,1885,1
895,14934,1
897,4982,1
897,1778,2
899,1116,1
899,3203,1
901,13886,3
901,7006,3
901,3206,2
901,4559,1
902,10333,2
902,3,3
902,1797,1
902,12789,3
905,7464,3
905,13575,2
905,13300,3
905,10642,3
907,14878,2
908,4117,3
908,11424,2
908,13831,2
908,13861,1
909,4655,1
909,12476,2
909,3158,1
910,10771,1
910,11177,1
911,7980,1
911,12155,1
912,10929,2
912,10135,1
912,7098,3
912,5797,1
913,8402,2
913,1135,3
913,11149,3
913,11564,3
915,1287,2
915,11534,1
915,1647,2
915,554,1
916,542,3
916,13960,1
916,4005,2
916,9236,2
918,12172,1
919,14629,1
919,5371,1
920,8678,2
920,7805,2
923,2067,2
923,13147,2
923,1727,2
924,746,1
924,3848,1
924,4297,2
924,11775,3
926,2301,2
926,12453,2
926,1000,1
927,943,3
928,4654,3
928,10131,3
929,5788,2
929,2020,3
929,12510,2
929,2565,2
930,769,3
930,12959,2
930,8129,3
930,2564,2
931,9251,1
931,2623,1
931,7069,3
933,14060,2
933,5585,1
933,11780,1
933,14743,3
934,7568,1
934,10080,2
934,4339,3
934,10394,1
936,9466,3
936,14860,3
936,11168,3
937,9680,3
937,12256,3
938,5119,3
938,1148,1
938,3538,1
938,9572,2
939,1574,2
939,11974,3
939,7840,1
939,5258,3
942,10019,2
942,13867,1
942,3982,3
942,7715,1
944,3383,3
944,5857,3
945,6067,1
945,983,3
945,9823,3
946,11103,3
946,2352,3
947,1303,2
947,4386,1
948,13171,1
948,5274,1
949,2513,1
950,7714,3
951,4296,1
951,1356,2
951,13210,3
951,4335,1
952,11591,1
952,8141,1
952,12302,1
952,2085,3
953,12073,1
955,8802,3
955,699,2
955,3219,1
956,9600,2
957,4887,3
957,9240,3
957,8212,3
957,13581,2
958,150,2
958,11669,1
962,5719,2
962,4606,3
962,1999,2
962,1029,1
963,6143,2
964,3750,1
964,2953,2
964,585,2
967,11721,3
967,12069,1
968,12947,2
968,9367,1
968,1787,3
968,6804,1
969,7506,2
969,12504,2
969,98,1
970,9798,2
971,12943,3
972,2923,1
972,9775,1
972,4013,1
972,9896,2
973,11822,2
973,6986,2
973,8392,3
973,6679,3
974,13943,1
974,7670,3
974,3886,2
974,6879,1
975,2618,2
975,4756,3
975,14758,2
975,4039,1
976,5156,1
976,709,2
977,3261,3
978,9352,2
978,14400,2
978,3096,2
979,303,1
979,14057,2
980,12914,2
980,11569,3
980,7873,1
981,12820,3
981,12876,1
982,14505,1
982,6889,3
982,11464,3
982,13872,1
983,564,2
984,5524,1
984,19,2
984,3055,2
985,11606,3
985,3435,3
985,7160,3
985,7961,1
987,6592,2
987,11216,3
987,2625,1
987,5246,1
989,3885,3
989,4268,1
989,10061,2
989,4170,2
990,10138,2
990,4055,2
990,1281,2
992,6340,2
992,10212,2
993,5553,1
993,1981,2
993,1431,2
994,8028,1
994,933,1
995,6284,3
995,3250,3
995,10884,3
998,185,3
998,1984,2
998,14947,1
998,2103,2
999,1044,2
999,11214,2
1000,11470,2
1000,14517,3
1000,9319,3
1001,11340,3
1002,6729,3
1002,9428,2
1002,14085,2
1003,13553,2
1003,9161,2
1003,10855,2
1003,10541,2
1005,11230,2
1005,14421,1
1005,5803,2
1006,1451,2
1006,10002,3
1006,9206,1
1007,9746,3
1007,9082,3
1008,7250,2
1008,4696,3
1010,6686,1
1010,10898,3
1010,12903,3
1011,5858,2
1011,2833,1
1011,14629,3
1012,12173,3
1012,3241,1
1012,2072,3
1012,8218,2
1013,4194,3
1013,4205,1
1013,1660,2
1014,593,2
1014,1652,1
1014,1872,2
1015,12850,2
1015,2744,3
1015,12843,2
1015,995,2
1019,4812,1
1020,10591,2
1020,2547,3
1020,2254,1
1020,11855,3
1021,14971,3
1022,749,3
1023,12656,3
1023,7939,1
1023,11352,3
1023,7019,1
1024,10834,1
1024,10164,1
1024,2651,1
1024,9123,1
1025,5662,2
1025,9244,2
1025,13966,2
1025,1875,3
1026,6821,1
1026,8535,2
1026,4181,2
1027,2099,2
1027,5530,1
1027,3319,3
1027,9569,2
1028,13896,3
1028,7475,2
1028,4721,3
1030,7285,1
1030,11472,1
1030,11957,3
1031,6440,2
1031,3558,2
1031,9652,3
1031,7284,1
1032,12704,2
1032,11112,1
1034,5222,3
1035,9072,1
1035,5724,3
1036,12457,3
1036,2560,1
1036,5091,3
1037,3028,3
1037,6944,1
1037,13198,3
1037,11693,1
1038,7043,3
1040,9113,3
1041,4071,2
1042,11805,3
1042,7048,1
1042,5915,3
1043,1833,3
1044,3626,3
1044,13537,1
1045,6867,1
1046,14295,2
1046,6304,2
1046,13125,2
1047,4337,3
1047,5150,1
1047,8034,2
1049,14887,3
1049,14711,2
1049,2091,2
1049,11966,3
1050,7088,1
1050,4708,3
1050,1818,2
1050,12847,3
1051,9200,3
1052,561,3
1052,6736,1
1052,13855,3
1052,13893,1
1053,11975,2
1055,1839,3
1056,10063,3
1056,1925,3
1056,14003,2
1057,2881,2
1057,823,1
1057,3826,1
1059,8824,2
1060,3818,2
1060,14705,3
1060,11722,3
1061,9066,3
1062,12996,1
1062,9182,3
1062,9234,1
1063,8561,1
1063,6723,1
1063,13887,1
1064,6684,1
1064,7982,3
1066,5576,1
1067,1307,1
1069,661,1
1069,4649,3
1070,7411,1
1070,7011,3
1071,895,2
1071,9116,2
1072,8593,3
1072,11634,2
1073,11009,1
1073,13587,2
1073,10135,1
1073,8846,3
1075,11935,2
1076,6020,2
1076,12636,2
1076,5915,2
1076,11320,1
1077,6436,3
1077,4218,3
1078,2364,3
1078,5122,1
1078,11895,3
1079,5911,1
1080,9093,1
1080,6825,3
1080,13430,1
1080,11885,2
1081,9877,1
1082,11566,1
1082,892,3
1083,12214,3
1083,8305,1
1083,753,1
1084,7119,1
1084,4752,1
1084,10121,1
1085,14850,1
1086,14686,3
1086,8808,2
1087,8502,1
1087,13278,1
1088,5004,1
1088,14197,2
1088,11915,3
1088,1143,1
1089,14960,2
1089,9825,1
1090,9183,2
1090,4918,1
1090,7439,3
1090,11632,3
1091,6317,2
1091,6670,3
1091,5644,1
1091,8734,3
1092,6844,1
1095,9949,3
1095,1503,1
1095,8672,1
1096,8504,1
1097,1007,3
1097,7249,1
1097,8910,3
1099,12089,2
1100,2306,3
1100,3735,1
1100,10074,2
1102,9473,3
1102,692,2
1102,6947,1
1102,9915,2
1103,9852,3
1103,12223,3
1103,9979,1
1103,11892,3
1104,13912,2
1104,1175,1
1105,4678,1
1105,9050,3
1105,1177,3
1106,5774,3
1106,1584,1
1108,11528,3
1108,3284,1
1109,2251,2
1109,13444,3
1109,8916,2
1112,10198,2
1112,10740,2
1113,14067,1
1114,6469,3
1114,2916,3
1115,10357,2
1115,7746,1
1115,11083,1
1116,6047,3
1116,614,1
1117,5587,2
1117,10299,1
1117,11658,2
1117,55,1
1118,409,3
1120,4686,3
1120,2930,3
1120,3884,2
1120,2039,3
1121,1127,2
1121,13808,3
1123,1070,2
1123,8759,1
1123,4631,3
1123,9625,1
1124,13361,1
1124,129,3
1124,14337,2
1125,6549,3
1125,1066,3
1125,11760,2
1125,7127,2
1126,10780,1
1127,6190,1
1128,211,2
1128,3318,2
1128,9506,3
1128,1980,2
1129,14364,3
1129,8253,1
1130,428,1
1130,5837,2
1130,7764,2
1130,1537,3
1131,505,3
1131,13006,1
1131,9355,3
1131,10670,2
1132,4233,2
1132,9802,2
1132,6886,2
1133,4594,1
1133,1356,3
1133,2069,3
1134,8906,1
1134,10057,3
1134,4464,1
1134,12899,1
1136,12898,1
1136,9862,2
1136,11261,1
1136,1736,3
1137,14210,3
1137,2870,2
1137,9962,1
1137,12645,2
1139,12570,1
1139,5960,1
1139,10860,1
1139,3101,3
1140,9650,1
1140,6842,2
1141,8085,1
1141,1700,2
1141,8604,1
1142,5151,1
1142,691,1
1142,3789,3
1143,833,3
1143,10973,1
1143,7797,3
1143,11487,2
1144,12185,2
1146,14845,3
1147,1635,3
1148,1311,2
1148,10508,1
1148,2208,2
1148,2172,1
1149,3777,3
1149,10662,2
1149,4756,1
1149,7922,1
1151,4815,2
1151,3142,2
1151,5858,2
1151,3475,1
1152,2250,3
1152,11255,1
1153,10877,1
1153,3065,3
1154,7904,3
1154,5104,1
1154,13964,1
1155,5751,3
1156,6459,3
1156,7920,2
1156,8440,2
1157,1675,3
1157,6256,1
1157,11230,1
1157,13617,2
1158,11739,1
1159,7543,2
1159,1386,1
1159,12472,3
1159,5219,3
1160,6730,3
1160,5150,3
1160,12540,1
1161,212,2
1162,3405,3
1162,13901,2
1163,14870,2
1164,5093,3
1164,3448,3
1164,8703,3
1165,14298,1
1165,14310,3
1165,1855,2
1166,13217,3
1166,2793,1
1166,5741,3
1167,14270,2
1168,5949,3
1168,1509,2
1171,1585,1
1172,12901,1
1172,13395,1
1172,12824,3
1172,8297,3
1173,10275,3
1174,6863,2
1174,12509,2
1174,5367,1
1174,10628,1
1175,8044,1
1175,3327,1
1176,3028,1
1176,13746,3
1176,11015,3
1176,7345,2
1177,12428,2
1177,14398,1
1177,14324,1
1177,2400,1
1178,7595,2
1178,13585,1
1178,14749,1
1178,4695,1
1179,11729,2
1179,9284,3
1179,13484,3
1179,628,2
1180,12590,1
1180,537,1
1181,11107,2
1182,3532,2
1182,633,1
1183,9479,3
1183,12133,2
1184,5398,1
1184,4787,1
1186,4774,3
1186,14298,1
1186,10659,3
1186,11515,2
1187,4398,1
1187,9831,2
1187,12547,3
1188,13364,3
1188,9440,3
1188,10236,2
1195,12081,2
1195,6734,2
1195,6990,3
1196,10785,3
1196,13665,2
1196,11346,2
1196,6012,1
1197,6906,3
1198,1775,2
1198,12033,3
1199,7914,2
1199,2255,3
1200,12545,1
1201,2847,2
1201,1567,2
1201,2811,2
1203,1191,2
1203,14391,3
1204,13787,3
1205,254,3
1205,11994,2
1205,5750,1
1205,3955,1
1206,14113,1
1207,201,1
1208,2874,1
1208,4966,1
1208,3714,1
1208,171,1
1209,8307,3
1209,2761,2
1209,3212,1
1210,1894,2
1211,2422,1
1211,862,1
1211,11312,1
1211,8508,2
1213,4802,3
1213,7189,3
1214,10394,3
1214,13731,1
1214,7738,3
1216,8818,3
1216,13557,2
1216,4870,3
1216,9174,3
1219,8833,2
1219,1446,1
1219,5898,3
1219,6139,2
1220,1921,2
1220,4966,3
1220,5144,1
1220,12196,1
1221,13374,1
1221,11495,1
1221,6957,3
1222,10202,2
1222,8704,1
1222,9150,3
1223,10355,3
1223,6922,2
1224,8704,2
1224,12717,1
1224,5759,1
1224,14882,1
1225,6138,1
1226,6506,3
1226,4755,3
1227,1792,3
1227,11024,1
1228,9109,3
1228,10197,2
1228,8087,3
1229,3118,3
1229,5497,2
1229,10787,1
1229,2729,2
1230,3766,1
1230,5898,2
1231,4650,2
1231,6176,3
1231,6012,2
1232,3882,1
1232,2054,2
1233,1831,1
1234,12111,1
1234,6620,3
1234,13165,1
1235,1195,3
1235,12464,2
1235,5630,1
1236,8176,2
1237,8541,1
1237,2966,1
1237,14186,1
1238,8857,2
1238,2314,1
1238,12079,3
1240,9934,1
1241,9495,3
1241,264,2
1241,8142,1
1244,1475,1
1244,6062,3
1245,13077,2
1245,6729,2
1246,12959,2
1246,10877,1
1246,8088,3
1247,14412,1
1248,3236,3
1248,21,3
1248,4816,3
1250,12454,3
1250,7011,3
1251,11117,3
1252,2254,1
1252,11805,2
1252,5771,3
1253,3722,2
1253,6523,1
1253,14738,2
1254,2437,2
1254,12360,2
1255,1737,2
1255,1052,3
1255,13419,1
1255,3723,3
1257,633,3
1257,753,2
1257,10564,1
1258,5652,3
1258,12117,3
1259,11732,3
1259,14262,3
1259,5363,1
1259,8509,1
1260,14108,2
1260,7496,1
1261,4828,2
1262,11446,2
1262,14146,3
1262,12874,3
1262,13850,2
1263,7918,1
1263,9838,2
1263,1074,2
1263,5621,2
1264,745,3
1264,3907,1
1265,6834,2
1265,7069,1
1267,12780,2
1267,70,2
1267,195,2
1267,9207,2
1268,3958,3
1268,4319,1
1268,8118,3
1268,4651,2
1269,9056,1
1269,10342,2
1269,3998,1
1269,11326,1
1271,8853,3
1272,9063,2
1274,12404,2
1274,9529,1
1274,14648,2
1275,7700,1
1275,13824,1
1275,9142,3
1276,7241,1
1276,9320,2
1276,9222,1
1277,2409,1
1279,11984,2
1279,2205,1
1279,6442,2
1279,14022,2
1280,3065,2
1280,2015,2
1280,12261,3
1281,14105,2
1282,6558,2
1282,9183,3
1282,5180,3
1283,4359,2
1283,8527,3
1283,7202,2
1283,10015,1
1284,5149,3
1284,8618,3
1284,843,1
1284,2396,1
1285,5562,2
1286,752,3
1286,6489,3
1286,13179,3
1286,2146,2
1288,6181,1
1288,5109,1
1288,6504,1
1288,2337,3
1289,7255,3
1289,5444,3
1289,11219,1
1289,5663,3
1290,612,2
1291,14309,3
1291,2380,2
1291,11178,3
1291,14011,3
1292,5720,1
1292,5075,3
1292,1960,3
1292,11481,3
1293,5088,1
1293,4237,3
1294,12376,2
1294,14384,1
1294,3484,1
1295,2305,3
1295,14200,1
1295,6046,3
1296,5458,1
1296,846,1
1296,14099,2
1296,10777,3
1298,8848,1
1299,947,3
1303,6080,1
1303,10493,1
1303,14623,1
1304,1202,2
1304,951,2
1304,2062,1
1305,2051,2
1305,3901,3
1305,13033,2
1306,5625,1
1306,13644,2
1306,8986,3
1306,7597,3
1307,542,1
1307,8761,1
1307,7074,1
1308,82,1
1308,14518,1
1308,9227,2
1308,3190,2
1309,12181,2
1309,14003,1
1310,7191,2
1310,1930,2
1311,616,3
1311,137,3
1311,9659,2
1312,5671,1
1313,2988,2
1313,513,1
1314,1135,2
1314,5284,2
1314,9480,3
1314,13952,2
1315,12550,1
1315,4505,3
1315,3463,1
1315,9690,2
1317,11444,2
1317,8048,1
1317,6441,2
1317,12691,1
1318,8264,2
1318,396,3
1318,11138,2
1318,2512,3
1319,1926,3
1319,8296,2
1319,13794,3
1320,9030,1
1320,7895,3
1320,8571,1
1321,3460,1
1321,863,3
1321,1515,3
1321,2030,1
1322,1539,3
1322,7540,2
1323,1935,2
1323,8170,3
1323,13470,2
1323,12793,2
1324,6320,2
1325,566,1
1325,8106,2
1325,945,2
1326,7695,1
1329,2614,2
1331,4676,1
1331,8858,2
1331,2945,1
1331,10900,1
1332,7325,3
1332,483,2
1333,454,3
1334,14751,3
1334,6360,1
1334,13548,2
1334,7203,1
1335,4949,2
1335,5927,2
1336,14557,3
1336,4663,2
1336,11213,3
1336,10045,3
1337,2110,2
1337,1437,3
1337,7910,2
1341,10117,2
1341,14917,2
1342,3343,3
1342,10800,1
1342,7402,2
1343,2648,2
1343,4629,1
1344,6409,3
1344,6597,3
1344,2123,3
1346,7311,3
1346,8176,1
1346,14945,1
1347,12100,1
1348,8644,1
1348,13231,1
1348,13852,2
1349,6657,2
1349,4699,3
1349,6923,2
1351,577,3
1351,14805,1
1352,4941,2
1352,321,1
1352,9505,1
1354,12875,1
1354,8155,1
1354,12069,1
1354,10260,3
1355,8942,2
1355,2397,1
1355,12556,1
1356,5428,3
1356,2702,1
1356,12965,3
1356,5631,3
1357,11824,1
1357,11277,3
1360,14719,1
1360,13387,1
1360,6460,2
1361,5433,3
1361,4725,1
1361,10722,3
1362,5128,3
1363,10384,1
1363,5876,3
1363,14563,2
1364,9727,3
1364,8249,2
1364,3024,1
1364,12110,1
1365,476,1
1365,8144,2
1366,8150,2
1366,6186,2
1366,4965,1
1366,13711,2
1367,9224,3
1367,8193,2
1368,11641,3
1368,9874,3
1368,12193,1
1369,11950,2
1369,664,1
1369,3151,1
1370,3007,2
1370,7893,3
1370,7189,2
1371,9719,2
1371,1567,2
1371,12521,2
1372,379,3
1372,8679,1
1373,10475,1
1374,6947,3
1375,8466,2
1375,8647,2
1375,14210,2
1376,10617,3
1376,13818,2
1376,5069,3
1376,13865,3
1377,848,1
1377,10760,1
1377,9940,1
1378,1620,3
1378,1182,3
1379,14380,1
1379,14495,3
1379,13384,2
1379,12197,1
1380,2198,1
1380,8691,1
1380,7595,3
1381,9737,1
1381,3510,1
1382,13630,1
1382,3584,1
1383,2019,3
1384,4531,3
1384,11892,3
1384,2987,3
1385,292,3
1386,8460,2
1387,4024,1
1387,14446,1
1387,7080,1
1387,1863,2
1388,75,3
1390,5218,2
1391,12564,3
1392,883,2
1392,13846,3
1394,2243,1
1394,7806,1
1394,6353,1
1394,1692,1
1395,4464,2
1395,14145,3
1395,5788,2
1395,3617,3
1396,2802,3
1396,10670,3
1396,11288,3
1396,3596,2
1397,2144,1
1397,11914,1
1397,9411,3
1398,14842,3
1400,9638,1
1401,6278,2
1402,7080,1
1402,10784,2
1402,11084,3
1403,9246,1
1404,2479,1
1404,12971,3
1404,14189,3
1405,9072,3
1405,5033,2
1405,9007,3
1405,14184,2
1406,8325,2
1406,752,3
1407,249,3
1407,11637,2
1407,7159,2
1407,13997,1
1408,2092,1
1408,794,3
1408,9902,3
1408,6266,2
1410,12288,2
1410,12445,2
1410,10087,3
1412,9865,3
1412,2735,3
1412,10278,2
1412,9950,2
1413,1880,1
1414,13099,1
1414,7565,3
1415,7622,3
1416,4866,3
1417,13578,1
1417,10386,1
1417,5393,1
1417,13446,2
1418,4133,1
1419,11892,2
1420,14062,2
1420,11858,2
1421,14406,2
1421,7742,2
1421,6367,2
1422,2483,3
1424,11273,3
1424,5142,2
1425,5684,3
1425,13287,3
1425,4792,2
1426,12276,3
1426,5176,3
1426,1081,3
1428,1856,2
1428,2354,2
1429,4256,1
1429,14660,1
1429,13518,3
1430,1101,2
1430,11793,1
1430,10253,1
1430,488,2
1431,10774,1
1431,10683,1
1432,3234,2
1432,10417,2
1433,7199,3
1433,8288,3
1433,7436,2
1433,6707,1
1434,2108,3
1434,13637,1
1434,14502,1
1434,14842,1
1435,8009,3
1435,14063,3
1435,7160,1
1436,9867,3
1436,829,3
1436,2887,2
1436,4430,2
1437,6845,1
1438,6010,3
1438,11207,3
1439,10622,1
1439,9870,1
1439,11700,1
1439,11332,3
1440,550,3
1440,3139,2
1440,11387,1
1441,6809,3
1441,9038,3
1441,4664,1
1441,11519,3
1442,14625,3
1442,12748,1
1443,1655,2
1443,10926,2
1443,3824,3
1444,12075,2
1444,1840,3
1444,10878,3
1445,1384,1
1448,11318,1
1448,10150,1
1449,14659,2
1450,7884,2
1451,5520,3
1451,3683,3
1452,14674,3
1452,1422,2
1453,12974,1
1454,7194,3
1454,10344,2
1455,11637,2
1456,4033,1
1456,7654,1
1456,6105,1
1456,2939,1
1457,96,2
1457,6317,2
1457,5137,1
1458,7274,2
1458,13750,1
1460,10683,2
1460,4984,1
1460,14144,3
1460,934,3
1462,1789,3
1462,14315,1
1462,14475,2
1463,1506,1
1463,11960,3
1464,5440,1
1464,14897,2
1464,13479,2
1464,11102,1
1465,6610,1
1465,467,3
1466,5477,2
1466,9258,2
1466,7374,3
1468,14363,3
1468,7714,2
1470,14346,1
1470,1782,3
1470,2145,3
1473,9807,2
1473,12941,3
1474,10420,1
1475,9737,2
1475,5781,3
1475,3249,3
1475,3873,3
1476,12443,1
1476,2857,3
1476,4524,1
1479,13956,3
1479,1786,1
1479,2259,1
1479,13446,1
1480,13383,1
1480,2505,3
1480,3010,3
1481,1043,2
1482,2093,2
1482,10741,2
1482,5369,2
1483,13608,3
1483,11899,2
1484,3016,3
1484,10654,3
1484,4569,3
1486,13295,1
1486,4774,1
1487,6582,3
1488,5245,2
1488,2491,2
1489,2799,1
1489,12194,2
1489,1934,2
1491,11734,3
1491,2132,1
1491,6178,1
1491,6125,2
1493,287,3
1493,10130,1
1493,10363,2
1493,14634,3
1494,1979,2
1494,1824,2
1494,244,2
1496,3901,3
1496,13447,3
1497,2476,2
1497,6971,1
1499,1277,3
1499,4591,1
1499,4617,2
1500,3606,1
1500,476,2
1501,11211,2
1501,1900,2
1502,6990,2
1502,4983,2
1503,8110,3
1503,1906,3
1503,10614,1
1504,1312,1
1505,2124,2
1505,11128,2
1505,4520,2
1505,7200,2
1506,11867,2
1507,3237,3
1507,3437,3
1507,3501,3
1508,12682,3
1508,7123,1
1508,8305,1
1508,13096,3
1511,4553,2
1511,208,3
1511,13971,2
1511,2837,3
1512,1457,2
1512,118,2
1512,4644,2
1512,8018,3
1513,6247,1
1513,2036,3
1513,4178,3
1513,7971,1
1515,13681,1
1515,14356,1
1515,6094,2
1515,8730,2
1516,11538,3
1516,11554,1
1516,9919,3
1517,8071,1
1517,4222,1
1518,418,2
1518,6523,3
1518,11517,1
1518,12556,1
1520,9396,1
1520,2620,1
1520,11328,2
1520,1296,3
1521,626,1
1523,12168,2
1523,5340,2
1523,5080,2
1524,4888,3
1525,2050,1
1526,2229,2
1527,1533,1
1527,544,1
1527,11320,3
1527,5346,3
1528,518,3
1528,12456,1
1528,9591,2
1528,14352,3
1529,9857,2
1529,9191,3
1532,13074,2
1532,10999,3
1532,10685,3
1532,11577,2
1533,9351,2
1534,4417,3
1536,13800,1
1536,11990,3
1536,12265,2
1538,8965,2
1538,7104,1
1538,6515,3
1538,6170,1
1539,2806,2
1539,12879,3
1539,8312,3
1539,1138,3
1540,10792,3
1541,5544,1
1543,14747,2
1543,5701,3
1544,13992,3
1544,6393,2
1546,1442,3
1546,14499,3
1546,10328,2
1547,7695,1
1547,326,2
1547,13709,3
1548,9129,1
1548,4372,3
1548,12765,2
1549,11027,3
1549,5766,2
1549,12077,1
1550,288,3
1551,4046,1
1552,7873,1
1552,11548,1
1552,677,2
1553,14793,1
1553,11137,3
1554,5299,1
1554,13563,2
1555,8703,3
1555,9138,1
1556,3153,3
1556,11506,3
1556,9759,1
1556,10002,2
1557,3742,3
1557,2814,2
1557,13329,2
1557,8897,1
1562,6634,3
1563,10562,2
1564,7635,1
1564,2380,1
1564,1853,2
1565,13303,2
1565,1919,1
1565,4908,2
1565,2900,3
1566,5737,2
1567,5824,3
1568,4818,3
1568,3206,3
1569,8383,2
1569,14202,2
1569,12944,3
1569,8560,2
1571,2614,2
1571,10144,2
1571,362,1
1571,2202,3
1573,11308,1
1574,4685,3
1574,9376,1
1574,6722,3
1575,693,2
1575,3175,3
1575,13463,1
1575,9188,3
1576,1783,2
1576,9780,2
1576,8301,3
1577,14577,2
1577,365,2
1579,9862,3
1579,9294,3
1579,5522,3
1579,5096,2
1580,1563,1
1580,10884,3
1581,13791,2
1581,11912,3
1583,1132,1
1583,8331,2
1584,8735,3
1584,12777,3
1584,14355,2
1585,6291,2
1585,7066,3
1585,9324,2
1585,2567,1
1586,10366,3
1586,9528,1
1586,6018,1
1586,889,3
1587,9792,2
1587,6747,3
1588,112,1
1590,12510,3
1590,12708,2
1590,397,2
1590,8664,3
1591,6395,1
1591,1316,3
1592,163,2
1592,7701,3
1592,8171,2
1592,10294,3
1593,8233,2
1593,3372,1
1594,8930,1
1594,3091,2
1594,12362,2
1595,8922,1
1595,12600,2
1596,2422,2
1596,9087,3
1596,7402,1
1596,10199,1
1597,9458,2
1597,10002,2
1598,7302,1
1598,5219,1
1599,14975,2
1601,13536,1
1601,3477,2
1602,2416,1
1602,7816,2
1602,13550,2
1602,5872,1
1603,11147,3
1603,13910,3
1604,6298,2
1604,13972,3
1606,4686,3
1606,10884,2
1609,5445,1
1611,1677,3
1613,11846,1
1614,4056,1
1614,7468,3
1614,6079,1
1615,9545,3
1616,10600,1
1616,6590,2
1616,8063,1
1617,4172,1
1617,804,1
1617,1021,2
1617,11563,2
1618,7051,2
1618,7364,3
1619,4218,2
1619,10100,1
1620,13182,2
1621,8975,2
1623,5630,2
1623,2183,2
1623,4738,1
1624,14925,1
1624,8740,1
1626,5441,3
1626,2956,1
1626,2612,2
1627,5188,2
1627,8648,2
1627,8410,1
1629,9218,3
1629,689,3
1629,12436,3
1630,1296,2
1630,6569,3
1630,9617,1
1630,535,1
1631,8645,1
1631,3127,1
1632,9562,2
1632,2164,1
1632,5718,3
1632,14600,3
1633,10663,3
1633,9357,1
1633,14010,1
1635,14401,2
1635,4916,2
1635,2659,2
1635,14335,2
1636,1946,1
1636,14838,2
1636,4168,3
1637,1243,1
1637,12017,3
1637,429,1
1638,7369,1
1638,14958,2
1639,2689,2
1639,11844,1
1639,8789,1
1641,2169,3
1641,11010,2
1641,469,3
1642,1563,2
1642,10785,1
1644,10401,2
1644,6832,2
1645,2036,3
1645,10331,2
1645,3650,1
1645,3205,2
1646,903,1
1646,14892,2
1647,10216,2
1647,5962,3
1647,10256,3
1647,10799,3
1648,8445,3
1648,3210,3
1648,4148,3
1649,5975,1
1649,14486,1
1649,10697,3
1649,9952,2
1650,12056,3
1650,10817,1
1651,13050,2
1651,9469,3
1652,4657,3
1652,6137,1
1652,10828,2
1654,932,3
1654,1201,2
1655,5875,3
1655,11598,2
1655,5916,3
1655,10292,1
1656,1382,1
1656,4677,2
1656,13275,1
1656,4549,1
1657,7864,3
1659,12404,1
1659,7263,2
1659,103,2
1660,577,2
1660,13801,2
1660,9620,3
1660,550,3
1661,12939,3
1661,3416,2
1661,8311,2
1661,4976,2
1663,5831,2
1663,7457,3
1663,437,1
1663,9911,3
1664,13711,2
1665,5897,2
1665,1390,2
1665,12399,2
1665,11846,1
1666,10435,2
1667,6740,1
1668,5772,1
1668,7789,3
1668,2746,1
1669,4888,2
1669,6298,3
1670,2331,3
1670,235,3
1670,8412,2
1670,862,3
1671,7157,3
1671,10946,3
1671,12561,3
1671,287,1
1672,11576,3
1672,14067,1
1672,6207,3
1672,5884,1
1673,10961,3
1673,3824,2
1673,5931,1
1673,14388,3
1675,3687,1
1676,11769,2
1676,11625,1
1677,11936,3
1677,11041,3
1678,1100,3
1678,302,3
1679,4161,1
1679,4767,2
1679,59,1
1679,8339,1
1681,7775,2
1681,3324,3
1681,14994,3
1682,14940,2
1682,10455,1
1683,9081,3
1683,129,3
1683,1521,3
1683,14172,2
1684,9848,3
1685,14430,3
1686,7846,3
1686,13400,1
1686,9023,2
1686,3066,2
1688,12924,3
1688,9008,3
1688,11727,1
1690,14663,1
1690,2962,2
1690,6523,1
1691,6523,1
1691,4569,1
1691,12189,2
1692,10539,2
1693,3979,1
1693,6491,2
1694,2002,1
1694,13188,3
1694,3324,1
1694,12940,3
1695,5777,3
1696,10572,3
1696,1467,2
1696,9590,3
1697,4888,3
1697,8918,2
1698,8348,3
1702,3733,3
1702,7042,3
1702,6795,2
1702,13597,2
1705,13156,1
1707,10056,2
1707,14711,1
1707,7741,1
1708,13696,2
1708,13134,1
1708,1736,3
1708,3665,3
1709,1775,3
1709,1164,3
1710,8970,1
1710,11244,3
1711,6508,2
1711,13032,3
1711,6177,3
1712,2238,3
1712,4715,2
1712,8911,2
1712,10779,1
1713,1718,2
1714,4326,1
1714,12811,1
1714,5340,2
1714,6740,2
1715,12845,1
1715,10985,2
1718,11271,3
1718,9755,1
1719,6617,1
1719,2797,1
1719,10761,2
1719,2480,3
1725,9186,1
1726,3135,2
1726,14600,1
1727,3293,2
1729,11501,3
1729,3147,2
1730,7154,3
1731,5783,1
1731,10313,1
1732,8353,1
1732,10893,1
1732,14263,2
1733,10976,2
1734,14054,2
1734,3826,3
1734,3479,1
1734,8047,1
1735,7890,3
1736,11827,2
1736,4204,3
1736,3353,3
1737,271,3
1737,6288,1
1738,8800,2
1738,11557,1
1738,3771,2
1738,2797,3
1739,3449,3
1739,11148,1
1740,2174,2
1740,5773,1
1740,4320,1
1740,5610,3
1742,9711,2
1743,10525,3
1743,9494,1
1743,12890,2
1743,410,1
1745,13858,1
1745,14865,2
1745,825,1
1746,554,3
1746,6590,1
1746,12255,3
1747,8907,3
1747,10490,1
1747,13389,1
1747,9850,2
1748,12616,3
1748,1618,1
1748,7102,1
1748,13503,3
1749,5234,2
1749,2030,3
1749,3964,2
1750,5337,3
1750,12199,1
1750,4848,2
1750,2129,1
1752,8241,1
1753,8996,3
1753,5501,2
1753,10692,1
1753,11637,1
1755,12039,3
1755,7435,1
1755,1497,3
1756,2825,3
1756,1660,3
1757,7627,1
1757,10564,2
1757,6899,2
1757,7020,3
1758,8958,1
1758,13097,3
1760,5615,1
1760,14043,1
1760,9012,3
1760,11490,1
1761,5852,2
1762,6323,2
1762,1095,3
1762,14602,3
1763,8536,3
1764,6557,2
1764,9873,1
1764,7138,2
1765,14110,1
1765,359,2
1765,13355,3
1765,11496,1
1766,2206,2
1766,13277,1
1766,14830,1
1766,12154,3
1767,6311,2
1769,8428,1
1769,5396,2
1769,8019,3
1773,8693,2
1773,55,2
1773,4183,3
1774,9921,1
1774,7947,2
1774,14034,2
1774,9821,3
1775,6048,3
1775,13813,2
1775,1319,2
1776,1517,3
1776,11602,3
1777,7852,3
1777,10463,1
1778,14839,3
1778,1485,2
1778,62,1
1779,833,1
1779,8998,3
1780,4968,2
1780,7717,3
1782,6485,1
1782,12853,2
1784,10196,1
1784,8108,2
1784,11592,2
1784,3779,3
1785,7015,1
1785,9491,2
1785,1324,3
1785,7460,1
1786,5481,3
1786,10985,1
1786,7645,2
1786,10225,1
1787,9630,1
1787,7370,1
1788,5482,3
1788,7466,1
1788,12319,1
1788,6845,2
1790,1606,2
1790,12833,3
1790,5203,3
1791,14085,1
1791,4440,3
1791,14605,3
1792,3685,1
1792,7008,3
1792,11850,3
1792,9123,3
1793,14455,2
1793,2351,1
1795,7033,2
1796,8243,1
1796,2577,2
1797,11031,3
1798,10495,2
1799,8034,3
1799,11778,3
1800,3740,3
1800,2195,1
1800,5574,1
1801,11158,1
1801,13926,3
1801,4874,3
1802,4195,1
1802,9676,1
1803,13602,1
1803,6130,1
1803,2364,1
1804,4025,3
1804,1709,2
1804,13199,1
1805,14164,2
1805,5734,1
1805,10448,2
1805,4441,3
1808,13002,2
1808,13492,3
1810,1687,1
1811,5076,3
1812,9043,1
1812,14452,2
1813,5125,3
1813,8307,1
1814,9379,1
1814,2784,2
1815,3197,3
1815,8413,2
1817,9339,1
1817,11536,3
1817,11519,1
1817,11295,1
1818,4218,2
1818,4200,1
1818,13558,2
1818,14526,1
1819,6027,3
1819,12361,3
1820,5247,1
1820,2404,2
1820,14437,3
1822,931,2
1822,3281,2
1822,3129,1
1823,702,2
1823,5740,3
1823,11142,1
1823,2340,3
1824,6978,3
1824,7594,1
1824,406,1
1825,7799,3
1825,1982,2
1826,248,1
1826,13564,1
1826,11103,3
1826,4398,2
1827,11250,3
1827,13607,2
1828,5153,1
1828,10413,1
1829,13590,3
1829,8618,3
1829,2448,1
1830,7618,3
1830,13759,2
1831,10672,3
1831,1960,1
1833,5545,3
1833,7999,1
1833,6992,2
1834,12821,3
1834,659,1
1834,2350,1
1835,4151,1
1835,12941,3
1836,10671,2
1836,3885,2
1836,8209,2
1838,6138,1
1841,12349,3
1841,1178,3
1842,8846,3
1843,6937,2
1843,4860,1
1843,2192,2
1843,2167,3
1844,499,1
1844,11826,2
1844,11994,1
1844,2914,2
1848,176,3
1848,10823,1
1849,1103,2
1850,12544,2
1850,5452,1
1851,9187,2
1852,12483,1
1852,3896,2
1852,4627,1
1852,11068,2
1853,4988,2
1853,12195,1
1853,6805,3
1853,13130,1
1854,13953,3
1854,3570,2
1855,2267,1
1856,12773,3
1857,6336,2
1857,2385,3
1858,9518,2
1860,838,3
1860,12527,2
1860,2479,3
1860,11664,1
1861,10524,3
1861,10482,2
1862,1989,3
1862,13467,3
1863,13043,1
1863,11092,1
1863,4203,1
1863,9504,2
1864,9595,3
1865,9497,2
1865,4434,1
1865,7627,3
1865,9273,3
1866,11389,1
1866,13546,2
1866,8810,2
1867,11940,2
1868,6592,3
1868,11995,2
1869,685,2
1869,5133,3
1869,8587,3
1869,13889,2
1871,5351,1
1871,2609,1
1871,14563,3
1872,7562,3
1872,7525,3
1873,4605,2
1873,5125,1
1873,1823,1
1874,1764,2
1874,11230,3
1874,2978,3
1877,3533,2
1877,14649,2
1877,3949,1
1877,6733,2
1878,2870,2
1879,4356,2
1879,14960,3
1879,7856,3
1879,5797,1
1880,10541,1
1881,5397,1
1882,56,1
1883,14414,1
1883,14439,1
1883,1849,2
1883,12697,1
1884,5620,3
1886,4299,3
1886,14808,1
1887,6489,3
1888,1095,3
1888,14837,2
1888,10889,1
1888,1521,1
1889,9455,1
1889,3415,1
1890,2106,2
1890,4137,1
1891,2170,1
1891,4380,2
1891,134,3
1892,3383,2
1892,7837,3
1893,2237,2
1893,5463,2
1893,4972,3
1893,1420,2
1894,2464,2
1894,9595,3
1894,10092,2
1894,9238,1
1895,3807,3
1895,10408,3
1895,2044,2
1895,9534,1
1896,3303,1
1897,9460,1
1897,1978,2
1898,3508,2
1899,1336,3
1900,7143,1
1900,11226,3
1900,2293,2
1901,252,3
1901,2965,2
1902,10768,1
1902,6629,1
1903,3536,2
1905,14976,1
1906,14607,2
1907,11302,3
1907,10544,2
1908,9973,1
1908,6226,2
1909,10309,2
1909,9201,2
1909,6705,2
1909,1484,1
1910,9645,1
1910,14259,2
1910,10842,2
1910,2129,3
1912,4536,1
1912,9923,2
1912,10928,3
1913,3625,3
1914,3963,1
1914,2432,2
1914,14814,1
1915,1858,2
1915,1605,2
1915,9779,2
1917,505,1
1917,1846,2
1920,11276,3
1920,14269,2
1921,14846,2
1921,6673,2
1923,2726,3
1923,1595,2
1923,10044,1
1926,14042,2
1926,6518,3
1927,1330,1
1927,14979,3
1928,11115,1
1928,2685,3
1928,12615,1
1929,6902,1
1930,1571,3
1930,11599,2
1930,2589,3
1930,3421,2
1931,9155,1
1932,875,3
1933,11404,3
1933,8560,1
1933,10839,2
1934,6881,1
1934,3052,3
1935,3111,3
1935,14079,3
1935,6678,3
1935,8534,2
1936,13792,1
1936,4906,3
1936,5596,2
1936,6901,2
1937,5835,1
1938,201,1
1939,3866,3
1939,12352,1
1939,2894,2
1941,5636,1
1941,4918,2
1941,4405,2
1942,10242,2
1942,14784,3
1944,13508,3
1944,1918,1
1944,5202,2
1945,12677,2
1945,14548,2
1945,1255,3
1946,10819,3
1946,13133,2
1947,11060,2
1947,7293,2
1947,3776,1
1948,7612,3
1948,2704,1
1950,12598,1
1951,2687,2
1951,4908,2
1953,9396,3
1953,8832,2
1953,8387,1
1954,14027,2
1954,13368,1
1956,11941,1
1956,100,1
1956,7328,1
1957,12177,1
1957,14444,1
1957,1840,2
1958,8726,1
1958,180,2
1958,7128,2
1959,3523,3
1959,10411,1
1959,8485,1
1959,8978,1
1960,5868,1
1960,8513,1
1960,3935,3
1961,3299,3
1961,11204,3
1961,11460,1
1961,14854,2
1963,1418,1
1964,3257,2
1964,8132,1
1965,10864,3
1965,6058,2
1966,7052,2
1966,8158,3
1966,5576,2
1966,2613,3
1968,1226,2
1968,12962,3
1968,3593,1
1969,5971,3
1970,7,3
1970,12333,1
1970,11438,2
1970,1401,2
1972,2310,1
1972,13843,3
1973,9403,2
1973,1280,1
1973,9415,3
1973,3402,2
1974,11013,3
1974,5066,3
1974,864,3
1976,622,2
1978,6783,1
1978,1826,1
1979,8674,2
1979,504,2
1979,6286,3
1979,4819,1
1980,4137,3
1980,8672,2
1981,6049,1
1981,6534,3
1982,11466,2
1983,11565,3
1983,14615,2
1983,5856,2
1983,8604,3
1985,600,1
1985,5809,2
1985,9776,3
1985,13782,1
1987,1139,1
1987,1759,2
1988,5926,1
1988,12812,3
1988,12536,3
1990,12638,1
1992,10029,2
1993,1750,1
1994,2638,2
1994,14690,2
1994,11025,3
1995,8570,2
1995,6979,2
1996,5655,3
1996,5472,1
1996,6649,1
1996,14932,1
1997,14550,1
1997,970,2
1997,7141,3
1997,13635,2
1999,9347,1
1999,2945,1
1999,8150,1
1999,12683,1
2000,8578,2
2001,7027,2
2001,5354,2
2001,1654,1
2002,4828,3
2002,6793,2
2002,14928,2
2003,12508,1
2003,14073,1
2003,14042,1
2004,2266,2
2005,10244,1
2005,13104,2
2005,14330,3
2006,13458,1
2009,3702,3
2009,7385,2
2009,421,3
2009,7345,2
2010,2563,2
2010,2407,2
2011,5790,1
2011,14630,3
2012,9061,1
2012,12947,2
2012,12443,2
2012,14313,3
2013,12870,3
2014,10461,2
2015,13740,2
2015,12024,1
2015,6635,3
2017,14377,1
2018,12944,1
2018,6470,2
2018,14052,1
2018,9361,2
2019,4056,2
2019,2563,3
2019,12491,3
2020,12300,1
2020,3529,2
2021,13199,2
2022,13666,2
2022,9670,1
2024,3196,1
2024,1494,2
2025,3306,3
2026,8517,1
2026,11547,3
2026,1000,1
2026,4062,3
2027,9658,2
2027,12625,1
2027,3636,3
2027,12069,2
2029,1447,1
2029,7279,2
2031,11483,3
2031,5574,3
2031,12435,1
2031,10758,2
2032,13313,2
2033,12118,2
2033,5082,1
2033,12092,2
2033,1643,1
2034,13123,2
2034,14545,3
2034,1002,1
2035,6898,2
2035,8403,1
2036,14678,1
2036,11207,1
2037,11622,1
2037,5186,2
2037,7289,3
2037,11670,2
2038,14323,1
2039,1806,2
2039,2199,3
2039,13575,2
2039,5501,2
2040,1824,2
2040,11747,1
2040,1889,3
2041,1466,2
2041,12024,1
2041,10246,2
2042,3835,3
2042,4403,1
2043,3376,2
2043,10700,2
2043,2393,2
2045,8037,1
2045,1199,1
2046,288,2
2046,12678,2
2047,9993,3
2047,9450,1
2049,14359,1
2050,1834,2
2051,11266,2
2051,6938,1
2051,1242,2
2051,4914,1
2053,1480,2
2055,3058,1
2055,13817,2
2055,12182,2
2056,4493,1
2057,2095,3
2057,11710,2
2058,311,1
2059,4505,1
2059,2232,3
2059,6137,3
2061,5631,3
2061,12461,2
2061,5707,3
2063,1012,1
2063,4160,2
2063,11205,2
2064,5207,1
2064,12479,3
2064,4379,1
2064,7232,3
2067,4437,1
2067,2087,1
2067,5974,2
2068,13800,1
2069,7245,1
2069,7246,3
2070,4311,2
2070,2695,3
2071,4496,1
2071,2736,1
2071,4688,3
2072,2948,2
2072,4940,1
2072,3370,3
2072,13677,1
2073,9278,3
2073,3662,3
2074,8861,2
2075,10453,1
2075,7874,3
2076,2714,3
2076,5219,2
2076,2961,1
2077,555,3
2079,1238,3
2080,554,2
2080,409,2
2083,11468,2
2085,5867,1
2085,9469,3
2086,1790,1
2086,11130,1
2087,1799,3
2087,11448,2
2087,12385,3
2087,5995,3
2088,10374,2
2088,7449,3
2088,805,1
2088,5920,2
2089,1552,1
2089,6425,3
2089,8082,3
2090,7817,1
2090,7886,3
2090,4739,3
2090,1758,1
2093,4694,1
2093,7338,2
2094,11810,1
2094,3268,2
2095,8158,3
2096,2343,1
2096,14347,1
2097,13229,3
2097,10374,2
2099,5030,3
2099,10895,3
2100,804,2
2100,8906,2
2100,7863,1
2100,9764,1
2101,13510,2
2101,6158,2
2101,891,1
2102,13729,2
2102,2194,2
2102,12342,3
2102,8480,3
2103,3313,3
2103,8046,3
2103,13397,3
2103,4915,1
2104,1899,1
2104,71,1
2106,7557,3
2106,7228,2
2108,9823,2
2108,12434,1
2108,2409,1
2108,1830,1
2110,144,2
2110,12355,3
2110,7343,1
2111,5097,2
2111,1175,2
2111,10147,2
2112,8519,1
2112,5847,2
2112,2427,3
2113,11606,2
2113,4854,2
2114,1925,3
2114,6982,3
2114,9048,1
2116,9503,2
2116,11622,2
2117,4681,1
2117,14517,2
2118,10905,3
2118,4121,1
2118,10315,1
2118,1975,3
2119,1123,1
2119,9882,2
2119,1417,3
2119,12921,2
2121,4863,2
2121,88,2
2121,6002,3
2121,13839,3
2122,11399,1
2122,9563,1
2122,9972,1
2123,9425,2
2123,6034,3
2125,12443,2
2125,4843,3
2125,677,3
2125,4436,1
2126,8645,3
2128,14715,3
2129,9805,2
2129,2804,1
2129,2051,3
2130,723,1
2131,5623,2
2132,4873,1
2134,5673,2
2134,8077,1
2137,3913,3
2137,4244,1
2138,13921,2
2138,463,3
2139,2556,1
2139,9264,3
2139,6564,1
2139,8322,3
2141,7331,2
2142,12288,1
2142,1699,3
2142,4584,3
2142,4175,1
2143,13458,1
2144,10962,1
2145,1559,1
2145,12100,3
2145,8064,3
2145,9967,1
2146,12231,3
2146,12927,2
2146,14375,1
2147,11139,3
2147,9574,3
2147,2199,1
2147,2201,3
2148,9929,1
2148,13552,3
2148,5071,3
2149,7328,3
2149,6136,1
2152,11748,3
2153,3360,2
2153,2813,1
2153,8568,1
2153,11944,2
2154,14831,3
2155,2040,2
2155,2757,2
2155,14696,3
2156,2017,2
2156,1277,3
2156,8694,2
2158,13233,1
2158,2646,3
2158,6315,1
2159,11524,1
2159,3870,1
2159,11924,3
2159,10483,1
2160,9026,1
2160,3605,3
2160,9022,2
2161,10247,3
2161,12758,3
2161,874,1
2162,11675,2
2162,5570,3
2164,9352,2
2165,7635,2
2165,13112,1
2165,4345,3
2166,4911,3
2166,463,2
2166,8953,2
2166,755,2
2167,13220,2
2167,719,3
2168,12117,1
2169,10418,3
2169,2481,3
2169,13512,3
2169,3115,1
2171,3426,2
2171,10201,2
2172,1045,1
2172,6535,1
2172,5779,1
2172,2134,2
2174,5532,2
2174,9304,3
2174,13647,2
2175,10142,2
2175,3684,1
2175,8106,1
2176,6700,1
2176,3278,3
2176,10246,1
2177,13469,3
2177,8710,1
2177,8143,1
2177,13101,3
2178,10458,1
2179,3641,1
2180,8776,3
2180,1338,2
2180,5769,1
2181,435,2
2181,219,3
2182,10516,2
2182,13176,1
2182,13388,2
2184,10439,2
2184,10969,1
2184,9039,3
2184,14729,3
2186,7619,1
2186,9174,3
2186,8692,1
2187,3531,1
2187,11872,1
2187,5913,2
2187,1191,3
2189,2111,1
2190,1891,3
2190,14904,3
2190,606,1
2193,10221,1
2193,8258,2
2193,2739,3
2193,3436,1
2194,5599,3
2194,9537,2
2194,8938,3
2195,12635,3
2195,14703,3
2195,8706,2
2196,6890,3
2196,324,2
2197,1043,2
2197,3371,3
2197,14591,1
2197,12851,1
2198,9125,2
2199,6184,2
2199,11940,2
2199,9080,3
2199,1367,3
2201,7828,1
2201,13407,1
2202,4348,2
2202,1625,1
2202,414,3
2203,4949,2
2204,5830,3
2206,4369,2
2206,14058,2
2206,5472,1
2207,10112,1
2207,463,2
2207,13981,1
2208,9742,1
2209,1513,3
2209,5493,3
2211,6413,1
2211,7766,1
2211,8927,1
2212,9308,1
2213,14461,2
2213,4102,3
2214,2299,2
2214,9846,1
2215,5277,3
2215,10275,2
2216,1858,1
2216,2084,3
2216,11092,3
2216,10243,2
2217,7900,2
2217,14265,3
2217,1362,2
2217,10959,3
2218,8694,3
2218,9685,2
2218,8907,2
2220,13672,3
2220,9455,2
2220,11110,3
2220,11310,3
2221,14468,1
2222,8455,1
2223,4842,3
2225,1030,3
2225,162,1
2227,7955,2
2227,4125,2
2229,8880,1
2230,5544,2
2231,9260,1
2231,4982,1
2232,538,3
2232,4175,2
2232,6122,3
2233,1283,2
2233,3174,1
2235,14259,2
2235,14550,2
2235,7958,2
2235,11168,3
2236,3324,1
2236,5703,1
2236,3483,2
2236,4016,3
2237,11216,1
2237,8619,1
2237,6265,3
2238,2938,1
2238,4855,2
2239,8041,1
2239,12516,2
2239,3623,1
2241,423,3
2242,9392,2
2242,2554,2
2242,8491,3
2243,12443,1
2243,10476,3
2243,3389,3
2244,863,3
2244,4452,1
2244,14743,2
2246,4756,1
2246,1897,2
2246,913,3
2247,8775,3
2248,11001,2
2248,2484,2
2248,9155,1
2248,5992,1
2250,10551,2
2250,2304,3
2250,12136,3
2250,11597,2
2251,7143,1
2251,6529,3
2253,9209,3
2254,6298,2
2254,13156,2
2255,4494,2
2255,14459,1
2256,1576,3
2256,10596,2
2257,12204,1
2257,3578,1
2257,12838,2
2257,14495,3
2258,3583,2
2258,1082,3
2259,10631,3
2260,7642,1
2260,9332,2
2260,1310,3
2260,5195,1
2261,13650,3
2262,8276,3
2262,6065,2
2265,8708,3
2265,10027,2
2267,11916,3
2267,14932,1
2267,9176,2
2267,13516,2
2268,1119,2
2269,11907,2
2269,9363,3
2269,14686,1
2269,8654,3
2271,7938,1
2271,10118,3
2272,13721,2
2272,6095,2
2272,9154,3
2273,5241,2
2273,12469,1
2273,4964,2
2274,4942,1
2274,8385,2
2274,13689,1
2275,795,1
2275,8452,3
2275,9766,3
2275,6302,2
2276,9116,1
2276,276,2
2276,7093,3
2276,11785,2
2277,48,1
2277,11482,2
2277,6519,1
2277,3938,3
2278,6985,1
2278,6866,3
2278,997,1
2278,13569,1
2279,4263,3
2280,12814,3
2280,1080,1
2280,10075,3
2280,9858,1
2281,2309,1
2282,4535,3
2282,4954,2
2282,10020,3
2283,12059,3
2283,7499,1
2283,4282,2
2283,3014,3
2284,14853,1
2285,14168,2
2285,4148,1
2285,9807,1
2285,9597,3
2287,4211,3
2287,10797,3
2287,12733,1
2287,6679,1
2290,14027,1
2290,8803,3
2290,712,3
2292,13654,1
2292,10184,3
2292,968,1
2292,7661,2
2293,14153,3
2294,12163,3
2294,11010,3
2294,1035,3
2294,10560,3
2295,6383,3
2295,2449,1
2295,12933,1
2295,6429,3
2296,14448,1
2296,9726,3
2296,12446,3
2296,14240,1
2298,8156,1
2299,7739,1
2300,12016,2
2301,9898,2
2301,9426,3
2301,12648,1
2302,6040,1
2302,8965,3
2303,10040,1
2303,254,3
2303,12568,1
2303,10093,2
2304,4598,1
2304,1123,2
2304,3244,1
2304,6906,3
2305,9203,3
2305,8841,3
2306,9995,2
2306,8843,2
2306,3593,2
2307,4774,1
2308,8595,3
2308,8130,2
2309,6194,3
2309,6915,1
2309,11861,3
2311,4666,2
2312,587,1
2312,682,3
2312,11454,2
2313,9651,2
2313,14877,1
2313,10231,1
2314,12491,1
2314,4632,2
2315,4624,1
2315,6872,2
2316,510,2
2316,10023,1
2316,10492,2
2317,10782,3
2317,8228,1
2318,13665,3
2318,1203,3
2319,2990,2
2319,3645,2
2319,1790,3
2321,1273,1
2321,6907,3
2321,4202,3
2324,5948,1
2324,6739,2
2324,986,1
2324,4844,2
2327,3998,2
2327,10525,3
2327,9193,2
2330,3443,1
2330,7892,3
2330,11075,1
2331,13559,3
2332,5428,1
2332,4659,1
2332,8212,2
2332,4614,2
2334,6232,1
2334,5311,2
2334,6223,1
2334,14943,1
2335,1680,1
2335,9125,3
2335,1591,1
2336,7956,1
2336,3609,1
2336,1842,2
2336,6060,3
2337,5450,3
2337,967,3
2337,4241,3
2337,5463,3
2338,5123,2
2338,5618,3
2339,1970,1
2339,13960,2
2340,11170,3
2341,7407,1
2344,14889,1
2344,14573,2
2345,8763,3
2345,1433,3
2345,11402,3
2347,6485,2
2347,3350,1
2347,13071,1
2347,3645,1
2348,8139,1
2349,9266,3
2349,7142,1
2349,13645,2
2349,11147,3
2350,7695,3
2350,6827,1
2350,13195,2
2350,2881,1
2351,6220,2
2351,5038,2
2351,190,1
2352,12865,2
2352,10131,3
2352,8712,2
2353,9908,3
2353,14566,2
2353,1484,3
2354,13872,3
2354,10640,1
2354,7433,3
2355,4792,2
2355,3230,3
2356,2219,3
2357,12305,2
2357,3724,2
2357,586,3
2359,902,3
2359,10413,3
2359,2231,2
2361,5942,2
2361,9685,3
2363,9153,3
2363,7404,2
2363,6329,1
2363,7145,2
2364,3614,2
2364,252,1
2364,4994,3
2364,12158,3
2367,10668,3
2367,7627,2
2367,4116,3
2367,11198,3
2369,10467,1
2369,8277,1
2370,11321,1
2370,4415,1
2371,4968,1
2371,13418,1
2371,1742,1
2371,8082,3
2372,3587,3
2372,10496,1
2373,4222,2
2374,8770,1
2374,2624,3
2374,3264,3
2375,14796,2
2375,1485,3
2375,10515,2
2375,5341,1
2377,12703,1
2377,9339,1
2377,4366,2
2377,3005,3
2378,4718,2
2378,4027,3
2378,7932,3
2380,8279,3
2380,1886,3
2380,14215,2
2381,13262,2
2381,1406,3
2381,5777,1
2382,2753,2
2382,11684,2
2382,10831,3
2383,10356,1
2383,5436,1
2383,1510,1
2384,8267,2
2384,7442,2
2384,6530,2
2385,2037,2
2385,11032,2
2386,6622,3
2386,4458,3
2387,1822,1
2387,3362,3
2387,7959,3
2389,11040,1
2389,4622,3
2391,7801,2
2393,7130,3
2393,236,1
2393,6612,1
2393,8395,3
2394,5712,2
2394,5330,2
2394,2375,1
2394,849,2
2395,2751,3
2395,14389,3
2396,14724,3
2397,13274,2
2397,5074,1
2397,12513,3
2399,11845,2
2399,1878,2
2399,10849,1
2400,8084,2
2400,10777,1
2401,7207,3
2401,13336,2
2401,240,3
2401,12907,1
2402,2269,1
2403,11621,1
2403,14414,3
2403,11802,2
2403,9475,3
2404,7623,1
2404,10386,1
2404,8480,2
2405,1637,3
2405,3029,1
2405,3543,1
2406,11746,1
2406,8540,1
2406,3407,1
2406,2763,3
2407,1279,3
2407,7480,2
2409,11696,2
2411,4427,2
2412,11728,3
2412,13908,2
2413,535,1
2413,1660,3
2414,14137,1
2415,11658,2
2415,11993,2
2415,13157,3
2415,4779,3
2416,8481,3
2416,13863,3
2416,5163,3
2417,11829,1
2418,6024,3
2418,9644,2
2418,2187,1
2419,6815,2
2419,5841,1
2419,8034,3
2421,2412,3
2421,14020,2
2423,10583,2
2423,5403,2
2423,1908,3
2424,7857,1
2424,3160,2
2424,13152,1
2425,14416,3
2425,1394,3
2425,1476,1
2428,7003,3
2429,7656,2
2430,2974,2
2430,13233,1
2431,5403,1
2431,10423,2
2431,13311,2
2432,6750,3
2432,9687,2
2432,14118,1
2433,8556,2
2433,9564,1
2433,4875,3
2435,14690,2
2435,3772,1
2435,4143,2
2435,2954,2
2436,13675,1
2436,648,1
2436,10028,3
2436,2941,3
2437,12280,1
2437,13961,2
2437,13429,3
2437,6650,2
2438,9934,1
2438,10973,1
2439,9536,1
2439,7756,1
2439,4896,3
2439,4109,1
2440,8775,1
2440,7517,2
2441,790,2
2441,4366,3
2441,2649,2
2442,3440,2
2442,5246,3
2443,10158,3
2443,3564,2
2444,8773,2
2444,7301,3
2446,10979,2
2446,2556,2
2446,11957,2
2446,10762,2
2449,5403,3
2451,2233,3
2451,4779,3
2452,1725,3
2452,14868,3
2452,3240,2
2453,12044,3
2453,9751,1
2453,9590,2
2454,6669,1
2454,3483,1
2454,6873,2
2454,14899,1
2455,1727,2
2455,3752,2
2455,9038,1
2455,5734,1
2457,842,3
2457,10255,2
2458,1318,1
2458,9839,1
2458,4221,3
2459,9780,2
2459,6634,3
2460,5605,1
2460,10112,2
2460,3772,2
2460,14753,1
2461,3755,1
2461,6305,2
2461,917,2
2463,8684,1
2463,8658,2
2463,3132,3
2464,10022,2
2465,9346,1
2465,4873,3
2465,6896,2
2466,1120,2
2466,2393,3
2466,4361,1
2468,10583,1
2469,8020,2
2469,6700,3
2469,5234,2
2469,3910,2
2470,6398,1
2471,5626,1
2471,11266,2
2471,4064,1
2474,199,1
2474,2247,3
2474,4256,2
2475,141,2
2475,5422,2
2475,2948,2
2477,13672,3
2478,1533,3
2478,13251,1
2478,8651,1
2480,12159,3
2480,3183,2
2480,7650,3
2480,10038,1
2481,1438,1
2481,11608,3
2481,702,3
2481,3803,2
2482,13728,3
2482,4340,3
2482,474,1
2482,9228,3
2483,4701,2
2483,9734,1
2483,3195,3
2483,10460,1
2484,10043,3
2484,12665,1
2484,7639,1
2485,10637,3
2487,10135,2
2487,4690,1
2487,1764,1
2487,11018,2
2488,11462,3
2488,1518,1
2489,2652,3
2489,2272,2
2489,9218,1
2489,4419,3
2490,9446,1
2490,4261,2
2491,12155,3
2492,3855,3
2492,10325,1
2492,7293,1
2492,9952,1
2493,172,1
2493,14492,3
2493,8798,2
2493,1748,2
2494,14828,1
2494,2094,3
2495,14350,2
2495,4821,3
2495,12860,3
2496,14194,1
2496,340,3
2496,4570,2
2496,12195,3
2498,3023,3
2498,6455,2
2498,2645,1
2499,2337,3
2499,4861,3
2499,2700,1
2500,6162,2
2501,2130,3
2501,11996,2
2501,238,3
2502,7723,3
2505,8579,3
2507,2507,2
2507,9188,1
2508,3708,1
2508,11035,1
2509,8698,1
2509,10308,1
2509,4370,1
2510,13089,3
2511,14454,3
2511,93,1
2511,11615,2
2512,4028,2
2512,6274,2
2513,11646,2
2513,8403,3
2513,8657,3
2513,13939,3
2514,2122,2
2514,11682,3
2514,12095,1
2514,2058,1
2516,1371,2
2516,11862,1
2516,14612,3
2517,6363,2
2517,5184,1
2518,6816,3
2518,3187,3
2518,1385,3
2520,6776,3
2521,9069,2
2521,6629,2
2523,3293,3
2524,3856,2
2524,2122,1
2524,9957,2
2525,4410,1
2525,13176,3
2526,9505,2
2526,7090,3
2526,12343,1
2527,13754,2
2528,11127,3
2529,1983,3
2529,6303,3
2530,12815,3
2530,11482,3
2530,7487,2
2531,13915,1
2531,11115,1
2532,1807,1
2532,14333,3
2532,998,3
2533,10294,1
2533,13997,1
2533,1204,3
2534,7283,2
2534,13502,1
2535,8404,2
2535,5436,1
2536,3653,2
2538,11128,2
2538,3140,1
2538,3390,3
2540,10076,2
2540,9157,2
2542,9719,3
2542,4898,1
2542,10348,3
2543,137,3
2543,6543,1
2543,3281,2
2543,13226,3
2544,10054,2
2544,5324,3
2544,10141,2
2546,11138,1
2546,6641,2
2546,11425,3
2549,2919,3
2549,14072,2
2549,14912,3
2550,10407,3
2550,11628,3
2550,2049,1
2552,1421,2
2552,13698,1
2552,11608,3
2552,5649,2
2553,4566,1
2553,6000,2
2553,10203,3
2554,667,1
2555,7944,2
2555,1455,3
2555,4392,1
2556,8820,2
2556,444,2
2556,8591,1
2559,1524,3
2559,5016,3
2560,7882,2
2560,9261,3
2561,12388,1
2561,6620,2
2566,1747,2
2566,14867,1
2566,3773,1
2566,1861,3
2567,9002,2
2567,13872,1
