transaction_id,wallet_id_send,wallet_id_got
1,1,53.56
2,2,948.81
3,3,108.45
4,4,661.43
5,5,393.73
6,6,570.86
7,7,603.8
8,8,511.79
9,9,776.94
10,10,287.07
11,11,618.87
12,12,929.29
13,13,305.02
14,14,451.79
15,15,501.77
16,16,264.71
17,17,911.78
18,18,694.95
19,19,635.59
20,20,583.0
21,21,665.07
22,22,366.81
23,23,289.85
24,24,964.3
25,25,571.82
26,26,377.69
27,27,844.3
28,28,637.93
29,29,829.76
30,30,701.14
31,31,176.28
32,32,295.62
33,33,630.77
34,34,227.5
35,35,803.75
36,36,459.57
37,37,537.67
38,38,242.46
39,39,332.95
40,40,52.03
41,41,110.05
42,42,176.24
43,43,582.29
44,44,41.77
45,45,915.02
46,46,295.63
47,47,379.51
48,48,140.06
49,49,684.18
50,50,810.52
51,51,315.1
52,52,217.98
53,53,595.41
54,54,314.04
55,55,199.69
56,56,126.42
57,57,494.41
58,58,625.25
59,59,832.61
60,60,915.15
61,61,871.56
62,62,782.91
63,63,514.09
64,64,656.51
65,65,400.13
66,66,52.43
67,67,52.3
68,68,319.97
69,69,719.73
70,70,15.65
71,71,587.19
72,72,889.36
73,73,685.8
74,74,951.0
75,75,857.88
76,76,695.32
77,77,499.87
78,78,203.66
79,79,520.92
80,80,535.32
81,81,500.8
82,82,623.4
83,83,129.99
84,84,860.93
85,85,620.58
86,86,915.06
87,87,232.63
88,88,400.89
89,89,729.0
90,90,950.51
91,91,232.4
92,92,243.53
93,93,649.44
94,94,930.2
95,95,895.37
96,96,470.2
97,97,756.28
98,98,350.04
99,99,277.26
100,100,764.44
101,101,130.51
102,102,896.98
103,103,437.55
104,104,130.61
105,105,275.43
106,106,425.26
107,107,112.73
108,108,885.86
109,109,998.87
110,110,234.41
111,111,832.25
112,112,497.06
113,113,60.79
114,114,666.66
115,115,419.96
116,116,501.48
117,117,183.56
118,118,943.6
119,119,393.16
120,120,523.08
121,121,593.43
122,122,577.63
123,123,818.83
124,124,867.69
125,125,556.29
126,126,326.09
127,127,908.28
128,128,441.89
129,129,743.71
130,130,494.49
131,131,676.98
132,132,911.4
133,133,622.56
134,134,241.97
135,135,313.27
136,136,638.97
137,137,499.25
138,138,269.4
139,139,358.12
140,140,448.51
141,141,811.9
142,142,876.56
143,143,347.29
144,144,294.46
145,145,67.97
146,146,334.17
147,147,361.63
148,148,915.22
149,149,878.57
150,150,458.32
151,151,474.98
152,152,760.18
153,153,382.22
154,154,468.68
155,155,264.98
156,156,800.66
157,157,516.08
158,158,96.02
159,159,515.32
160,160,974.75
161,161,942.09
162,162,607.52
163,163,480.35
164,164,473.33
165,165,282.8
166,166,18.44
167,167,522.48
168,168,981.16
169,169,726.34
170,170,472.9
171,171,622.05
172,172,362.71
173,173,155.22
174,174,612.35
175,175,128.99
176,176,601.42
177,177,124.3
178,178,603.77
179,179,758.45
180,180,308.07
181,181,513.47
182,182,435.53
183,183,758.54
184,184,811.16
185,185,695.28
186,186,760.31
187,187,109.21
188,188,510.14
189,189,109.01
190,190,384.61
191,191,906.07
192,192,411.48
193,193,822.81
194,194,717.58
195,195,101.91
196,196,566.87
197,197,477.76
198,198,155.03
199,199,483.27
200,200,402.56
201,201,492.95
202,202,883.35
203,203,318.03
204,204,876.9
205,205,455.87
206,206,580.95
207,207,595.23
208,208,166.0
209,209,696.88
210,210,749.94
211,211,944.12
212,212,887.35
213,213,406.1
214,214,881.86
215,215,560.31
216,216,325.16
217,217,56.62
218,218,44.58
219,219,717.29
220,220,134.78
221,221,685.68
222,222,195.77
223,223,485.31
224,224,287.49
225,225,541.61
226,226,681.3
227,227,444.76
228,228,655.36
229,229,908.66
230,230,359.95
231,231,462.98
232,232,711.69
233,233,666.01
234,234,811.16
235,235,126.09
236,236,613.21
237,237,448.48
238,238,824.79
239,239,541.69
240,240,133.61
241,241,264.11
242,242,539.42
243,243,871.99
244,244,833.76
245,245,605.74
246,246,212.59
247,247,740.81
248,248,630.69
249,249,657.36
250,250,497.4
251,251,102.34
252,252,744.05
253,253,146.54
254,254,591.79
255,255,985.88
256,256,675.99
257,257,331.54
258,258,252.27
259,259,657.29
260,260,567.78
261,261,850.97
262,262,323.4
263,263,94.84
264,264,471.59
265,265,185.91
266,266,282.28
267,267,902.29
268,268,483.15
269,269,436.58
270,270,139.57
271,271,129.74
272,272,345.98
273,273,666.19
274,274,995.73
275,275,896.51
276,276,905.13
277,277,215.19
278,278,482.32
279,279,244.15
280,280,245.05
281,281,848.98
282,282,498.74
283,283,340.68
284,284,137.62
285,285,761.85
286,286,54.63
287,287,522.57
288,288,726.31
289,289,263.14
290,290,943.16
291,291,999.67
292,292,310.96
293,293,868.68
294,294,296.32
295,295,983.22
296,296,724.29
297,297,931.6
298,298,870.37
299,299,626.44
300,300,153.99
301,301,297.23
302,302,144.65
303,303,158.28
304,304,519.67
305,305,862.48
306,306,239.25
307,307,769.82
308,308,981.35
309,309,268.77
310,310,695.91
311,311,670.18
312,312,777.24
313,313,113.06
314,314,158.8
315,315,39.54
316,316,843.64
317,317,752.82
318,318,633.78
319,319,42.27
320,320,96.11
321,321,680.23
322,322,689.97
323,323,982.46
324,324,49.66
325,325,743.19
326,326,115.39
327,327,281.83
328,328,48.08
329,329,820.11
330,330,390.58
331,331,658.04
332,332,385.8
333,333,901.28
334,334,691.78
335,335,555.62
336,336,973.19
337,337,281.6
338,338,183.86
339,339,344.87
340,340,709.85
341,341,536.03
342,342,574.74
343,343,845.25
344,344,84.3
345,345,58.79
346,346,509.38
347,347,355.64
348,348,287.3
349,349,480.57
350,350,373.53
351,351,109.02
352,352,43.61
353,353,628.22
354,354,522.12
355,355,268.28
356,356,277.25
357,357,971.45
358,358,630.23
359,359,155.56
360,360,724.69
361,361,894.96
362,362,901.92
363,363,216.36
364,364,219.52
365,365,558.7
366,366,219.58
367,367,84.1
368,368,663.65
369,369,550.96
370,370,234.08
371,371,585.48
372,372,727.11
373,373,680.38
374,374,489.35
375,375,377.01
376,376,506.37
377,377,263.97
378,378,319.88
379,379,950.77
380,380,45.71
381,381,807.24
382,382,600.65
383,383,59.33
384,384,799.4
385,385,164.29
386,386,230.98
387,387,899.34
388,388,753.29
389,389,702.64
390,390,190.94
391,391,914.78
392,392,997.63
393,393,406.34
394,394,903.37
395,395,951.49
396,396,16.53
397,397,22.62
398,398,236.57
399,399,987.56
400,400,294.69
401,401,988.87
402,402,427.22
403,403,393.67
404,404,369.93
405,405,65.0
406,406,302.42
407,407,110.35
408,408,391.27
409,409,838.72
410,410,700.91
411,411,181.44
412,412,990.22
413,413,274.49
414,414,33.43
415,415,4.6
416,416,883.62
417,417,805.69
418,418,913.83
419,419,535.19
420,420,630.13
421,421,798.74
422,422,558.65
423,423,780.21
424,424,676.17
425,425,862.0
426,426,680.65
427,427,561.45
428,428,409.03
429,429,621.99
430,430,344.26
431,431,707.71
432,432,455.19
433,433,428.95
434,434,671.53
435,435,563.15
436,436,739.5
437,437,978.55
438,438,624.31
439,439,655.54
440,440,627.88
441,441,2.88
442,442,513.79
443,443,466.53
444,444,280.36
445,445,174.34
446,446,653.08
447,447,611.84
448,448,841.87
449,449,335.22
450,450,567.68
451,451,380.73
452,452,146.29
453,453,860.44
454,454,703.62
455,455,880.06
456,456,339.23
457,457,141.29
458,458,189.52
459,459,892.22
460,460,787.32
461,461,68.01
462,462,476.43
463,463,388.34
464,464,988.49
465,465,976.37
466,466,326.91
467,467,532.07
468,468,845.38
469,469,42.9
470,470,432.18
471,471,351.48
472,472,559.5
473,473,579.86
474,474,189.05
475,475,246.04
476,476,830.13
477,477,311.68
478,478,36.29
479,479,371.98
480,480,34.14
481,481,596.96
482,482,512.28
483,483,559.06
484,484,787.59
485,485,90.18
486,486,944.44
487,487,2.9
488,488,433.03
489,489,227.57
490,490,288.51
491,491,178.24
492,492,517.33
493,493,367.72
494,494,495.24
495,495,685.18
496,496,92.24
497,497,528.79
498,498,975.42
499,499,264.65
500,500,69.28
501,501,668.45
502,502,138.9
503,503,514.13
504,504,776.88
505,505,327.44
506,506,707.57
507,507,519.21
508,508,631.88
509,509,403.8
510,510,281.23
511,511,582.61
512,512,622.11
513,513,848.15
514,514,231.54
515,515,188.66
516,516,496.45
517,517,501.8
518,518,337.68
519,519,22.51
520,520,506.49
521,521,546.2
522,522,780.92
523,523,638.45
524,524,74.01
525,525,774.42
526,526,559.09
527,527,899.61
528,528,811.92
529,529,652.21
530,530,427.57
531,531,278.43
532,532,188.07
533,533,532.94
534,534,769.96
535,535,470.5
536,536,493.36
537,537,510.43
538,538,211.44
539,539,618.01
540,540,783.11
541,541,12.6
542,542,155.12
543,543,395.51
544,544,280.93
545,545,789.27
546,546,491.87
547,547,737.44
548,548,814.62
549,549,339.45
550,550,827.72
551,551,528.04
552,552,835.92
553,553,631.52
554,554,132.35
555,555,60.53
556,556,400.58
557,557,98.23
558,558,825.05
559,559,124.84
560,560,872.83
561,561,294.37
562,562,867.22
563,563,817.47
564,564,351.73
565,565,802.37
566,566,366.99
567,567,596.85
568,568,800.76
569,569,19.16
570,570,794.22
571,571,531.55
572,572,498.45
573,573,104.74
574,574,343.61
575,575,118.03
576,576,190.09
577,577,278.32
578,578,354.13
579,579,827.88
580,580,810.09
581,581,686.67
582,582,933.25
583,583,918.5
584,584,509.16
585,585,700.31
586,586,134.69
587,587,208.52
588,588,140.4
589,589,564.02
590,590,163.23
591,591,100.63
592,592,869.42
593,593,404.86
594,594,32.13
595,595,97.29
596,596,161.36
597,597,201.85
598,598,258.0
599,599,425.05
600,600,658.77
601,601,957.33
602,602,256.79
603,603,649.98
604,604,215.87
605,605,310.22
606,606,384.32
607,607,715.61
608,608,390.29
609,609,857.05
610,610,973.84
611,611,626.68
612,612,696.01
613,613,319.55
614,614,715.2
615,615,257.95
616,616,921.47
617,617,923.93
618,618,567.55
619,619,355.99
620,620,882.8
621,621,305.73
622,622,405.94
623,623,324.72
624,624,872.96
625,625,263.65
626,626,266.81
627,627,708.39
628,628,596.92
629,629,535.72
630,630,895.42
631,631,166.36
632,632,867.51
633,633,809.45
634,634,303.7
635,635,516.06
636,636,327.92
637,637,152.81
638,638,52.84
639,639,132.48
640,640,347.24
641,641,942.58
642,642,827.31
643,643,979.01
644,644,144.79
645,645,230.69
646,646,639.69
647,647,625.74
648,648,93.19
649,649,178.54
650,650,925.04
651,651,202.99
652,652,240.71
653,653,338.13
654,654,264.01
655,655,963.55
656,656,576.41
657,657,574.12
658,658,822.03
659,659,389.7
660,660,420.62
661,661,871.59
662,662,588.17
663,663,339.16
664,664,791.49
665,665,687.04
666,666,460.05
667,667,785.0
668,668,33.58
669,669,436.58
670,670,502.39
671,671,835.0
672,672,934.79
673,673,576.86
674,674,50.43
675,675,33.4
676,676,448.99
677,677,820.68
678,678,790.69
679,679,360.08
680,680,616.08
681,681,688.45
682,682,821.98
683,683,999.12
684,684,411.85
685,685,51.79
686,686,152.22
687,687,985.93
688,688,731.24
689,689,321.83
690,690,995.98
691,691,697.41
692,692,762.14
693,693,184.51
694,694,924.47
695,695,526.36
696,696,431.37
697,697,227.91
698,698,813.81
699,699,29.11
700,700,45.06
701,701,648.75
702,702,823.25
703,703,530.02
704,704,138.32
705,705,241.62
706,706,961.82
707,707,884.59
708,708,892.38
709,709,638.04
710,710,401.92
711,711,799.85
712,712,443.99
713,713,455.27
714,714,705.88
715,715,172.15
716,716,585.97
717,717,121.97
718,718,611.62
719,719,431.67
720,720,868.66
721,721,395.08
722,722,924.37
723,723,543.42
724,724,909.09
725,725,849.75
726,726,590.43
727,727,798.4
728,728,41.27
729,729,758.65
730,730,229.26
731,731,512.39
732,732,784.25
733,733,984.59
734,734,0.25
735,735,725.63
736,736,883.69
737,737,74.26
738,738,543.76
739,739,880.29
740,740,590.87
741,741,789.35
742,742,289.48
743,743,980.51
744,744,478.98
745,745,987.28
746,746,778.92
747,747,709.78
748,748,430.19
749,749,719.78
750,750,294.01
751,751,124.5
752,752,776.88
753,753,533.6
754,754,688.27
755,755,42.85
756,756,587.42
757,757,848.66
758,758,474.35
759,759,704.24
760,760,568.17
761,761,667.93
762,762,712.07
763,763,872.77
764,764,504.51
765,765,609.6
766,766,586.76
767,767,508.79
768,768,864.48
769,769,221.62
770,770,814.41
771,771,711.16
772,772,472.12
773,773,524.72
774,774,145.62
775,775,657.43
776,776,881.89
777,777,710.72
778,778,473.01
779,779,702.36
780,780,204.08
781,781,90.9
782,782,55.73
783,783,406.84
784,784,882.08
785,785,581.66
786,786,784.82
787,787,670.53
788,788,338.42
789,789,609.27
790,790,755.69
791,791,615.05
792,792,383.69
793,793,153.67
794,794,272.85
795,795,227.48
796,796,370.73
797,797,489.17
798,798,833.92
799,799,489.58
800,800,503.44
801,801,688.07
802,802,843.09
803,803,681.87
804,804,338.05
805,805,175.0
806,806,266.54
807,807,978.97
808,808,958.87
809,809,878.08
810,810,676.67
811,811,325.76
812,812,87.69
813,813,800.77
814,814,283.24
815,815,443.46
816,816,806.3
817,817,935.22
818,818,165.6
819,819,216.2
820,820,672.71
821,821,744.19
822,822,423.17
823,823,385.41
824,824,172.48
825,825,186.26
826,826,180.44
827,827,830.03
828,828,785.71
829,829,758.58
830,830,386.21
831,831,366.89
832,832,291.89
833,833,241.85
834,834,585.6
835,835,148.78
836,836,448.21
837,837,232.99
838,838,785.58
839,839,50.29
840,840,736.24
841,841,590.11
842,842,498.16
843,843,379.39
844,844,351.48
845,845,370.45
846,846,270.81
847,847,485.75
848,848,604.78
849,849,42.72
850,850,743.2
851,851,209.09
852,852,199.03
853,853,914.05
854,854,292.67
855,855,242.53
856,856,969.89
857,857,266.9
858,858,460.76
859,859,380.12
860,860,604.05
861,861,462.17
862,862,613.84
863,863,934.45
864,864,38.11
865,865,924.45
866,866,889.0
867,867,630.87
868,868,405.22
869,869,522.54
870,870,489.97
871,871,537.39
872,872,737.46
873,873,191.25
874,874,626.01
875,875,534.82
876,876,136.22
877,877,209.91
878,878,85.09
879,879,89.27
880,880,451.3
881,881,909.28
882,882,304.16
883,883,158.76
884,884,678.82
885,885,292.35
886,886,496.73
887,887,427.73
888,888,285.32
889,889,549.94
890,890,988.25
891,891,260.61
892,892,207.43
893,893,5.51
894,894,395.06
895,895,40.27
896,896,185.31
897,897,640.01
898,898,43.28
899,899,634.16
900,900,289.27
901,901,231.55
902,902,399.31
903,903,22.72
904,904,558.65
905,905,479.67
906,906,388.97
907,907,792.46
908,908,783.95
909,909,267.85
910,910,205.83
911,911,442.54
912,912,209.43
913,913,415.76
914,914,964.56
915,915,526.71
916,916,764.01
917,917,681.74
918,918,196.3
919,919,891.62
920,920,569.83
921,921,177.26
922,922,673.04
923,923,144.07
924,924,352.24
925,925,764.21
926,926,436.42
927,927,615.75
928,928,310.83
929,929,805.7
930,930,803.5
931,931,863.5
932,932,790.42
933,933,397.11
934,934,463.18
935,935,545.45
936,936,797.89
937,937,41.96
938,938,95.17
939,939,797.44
940,940,571.09
941,941,657.36
942,942,458.48
943,943,290.3
944,944,259.94
945,945,296.77
946,946,760.28
947,947,357.51
948,948,85.37
949,949,931.16
950,950,124.51
951,951,709.23
952,952,778.24
953,953,562.28
954,954,588.7
955,955,704.89
956,956,400.14
957,957,857.08
958,958,264.51
959,959,363.29
960,960,176.93
961,961,578.67
962,962,170.29
963,963,519.65
964,964,11.85
965,965,763.18
966,966,545.36
967,967,343.65
968,968,465.9
969,969,124.36
970,970,316.66
971,971,632.77
972,972,652.65
973,973,63.64
974,974,881.55
975,975,726.4
976,976,391.06
977,977,965.87
978,978,451.95
979,979,568.47
980,980,812.47
981,981,904.72
982,982,576.92
983,983,694.2
984,984,624.85
985,985,136.37
986,986,816.98
987,987,664.78
988,988,184.06
989,989,921.78
990,990,597.04
991,991,488.72
992,992,1.06
993,993,277.24
994,994,704.4
995,995,588.26
996,996,745.77
997,997,627.79
998,998,667.24
999,999,978.84
1000,1000,796.98
1001,1001,634.62
1002,1002,430.45
1003,1003,131.93
1004,1004,206.48
1005,1005,615.44
1006,1006,555.93
1007,1007,748.78
1008,1008,983.3
1009,1009,96.53
1010,1010,289.92
1011,1011,810.26
1012,1012,231.25
1013,1013,123.05
1014,1014,442.9
1015,1015,168.46
1016,1016,367.59
1017,1017,420.92
1018,1018,640.88
1019,1019,30.57
1020,1020,532.89
1021,1021,13.27
1022,1022,191.31
1023,1023,271.19
1024,1024,215.91
1025,1025,443.61
1026,1026,282.2
1027,1027,697.46
1028,1028,325.12
1029,1029,759.84
1030,1030,359.24
1031,1031,888.42
1032,1032,687.83
1033,1033,895.05
1034,1034,724.15
1035,1035,165.92
1036,1036,822.9
1037,1037,251.97
1038,1038,517.62
1039,1039,506.76
1040,1040,648.88
1041,1041,48.83
1042,1042,996.05
1043,1043,551.13
1044,1044,171.97
1045,1045,583.9
1046,1046,251.68
1047,1047,81.88
1048,1048,652.43
1049,1049,128.34
1050,1050,81.38
1051,1051,710.73
1052,1052,775.52
1053,1053,64.31
1054,1054,499.0
1055,1055,132.57
1056,1056,296.61
1057,1057,259.08
1058,1058,686.01
1059,1059,659.98
1060,1060,332.74
1061,1061,796.85
1062,1062,878.93
1063,1063,932.0
1064,1064,572.24
1065,1065,50.64
1066,1066,832.02
1067,1067,668.43
1068,1068,504.7
1069,1069,30.87
1070,1070,73.85
1071,1071,358.03
1072,1072,275.5
1073,1073,91.8
1074,1074,215.9
1075,1075,362.45
1076,1076,942.25
1077,1077,307.13
1078,1078,2.44
1079,1079,231.9
1080,1080,27.24
1081,1081,422.89
1082,1082,275.25
1083,1083,422.53
1084,1084,982.57
1085,1085,336.92
1086,1086,466.0
1087,1087,230.01
1088,1088,575.72
1089,1089,614.99
1090,1090,74.72
1091,1091,988.98
1092,1092,812.31
1093,1093,360.14
1094,1094,645.36
1095,1095,98.12
1096,1096,662.01
1097,1097,428.96
1098,1098,270.77
1099,1099,540.29
1100,1100,976.16
1101,1101,581.69
1102,1102,742.58
1103,1103,619.21
1104,1104,711.01
1105,1105,902.53
1106,1106,101.3
1107,1107,668.15
1108,1108,975.32
1109,1109,943.97
1110,1110,777.79
1111,1111,704.78
1112,1112,773.04
1113,1113,600.95
1114,1114,312.79
1115,1115,440.16
1116,1116,842.31
1117,1117,588.98
1118,1118,306.68
1119,1119,444.33
1120,1120,375.24
1121,1121,734.68
1122,1122,310.01
1123,1123,441.71
1124,1124,751.36
1125,1125,985.28
1126,1126,472.42
1127,1127,211.53
1128,1128,770.96
1129,1129,817.45
1130,1130,195.22
1131,1131,742.8
1132,1132,250.99
1133,1133,897.08
1134,1134,997.35
1135,1135,783.16
1136,1136,474.18
1137,1137,71.68
1138,1138,239.09
1139,1139,551.73
1140,1140,545.64
1141,1141,407.56
1142,1142,932.22
1143,1143,380.34
1144,1144,743.2
1145,1145,983.14
1146,1146,186.54
1147,1147,532.12
1148,1148,261.76
1149,1149,634.89
1150,1150,471.61
1151,1151,479.07
1152,1152,923.52
1153,1153,462.56
1154,1154,738.82
1155,1155,149.04
1156,1156,769.52
1157,1157,497.75
1158,1158,132.17
1159,1159,798.5
1160,1160,558.22
1161,1161,620.13
1162,1162,649.49
1163,1163,828.04
1164,1164,883.0
1165,1165,926.53
1166,1166,805.7
1167,1167,159.59
1168,1168,275.33
1169,1169,808.03
1170,1170,862.79
1171,1171,107.91
1172,1172,989.05
1173,1173,76.09
1174,1174,667.33
1175,1175,297.55
1176,1176,10.4
1177,1177,789.48
1178,1178,835.82
1179,1179,863.2
1180,1180,477.36
1181,1181,952.99
1182,1182,809.42
1183,1183,929.99
1184,1184,946.74
1185,1185,592.61
1186,1186,164.85
1187,1187,686.51
1188,1188,987.76
1189,1189,820.03
1190,1190,813.48
1191,1191,785.41
1192,1192,741.54
1193,1193,155.73
1194,1194,42.5
1195,1195,177.97
1196,1196,109.24
1197,1197,462.86
1198,1198,495.49
1199,1199,27.75
1200,1200,651.59
1201,1201,34.45
1202,1202,543.22
1203,1203,131.37
1204,1204,609.56
1205,1205,695.18
1206,1206,706.08
1207,1207,996.91
1208,1208,431.2
1209,1209,493.98
1210,1210,854.91
1211,1211,513.16
1212,1212,6.45
1213,1213,537.13
1214,1214,975.28
1215,1215,4.41
1216,1216,154.53
1217,1217,357.57
1218,1218,228.16
1219,1219,230.58
1220,1220,195.45
1221,1221,527.92
1222,1222,775.55
1223,1223,656.94
1224,1224,809.98
1225,1225,832.05
1226,1226,477.32
1227,1227,648.8
1228,1228,188.25
1229,1229,889.07
1230,1230,758.8
1231,1231,865.58
1232,1232,447.12
1233,1233,807.41
1234,1234,883.93
1235,1235,306.44
1236,1236,378.4
1237,1237,464.52
1238,1238,264.81
1239,1239,880.64
1240,1240,401.3
1241,1241,920.75
1242,1242,114.68
1243,1243,308.38
1244,1244,558.56
1245,1245,547.79
1246,1246,150.85
1247,1247,523.77
1248,1248,355.12
1249,1249,918.41
1250,1250,975.16
1251,1251,83.99
1252,1252,380.91
1253,1253,12.84
1254,1254,369.27
1255,1255,637.79
1256,1256,738.37
1257,1257,622.67
1258,1258,334.25
1259,1259,369.0
1260,1260,962.62
1261,1261,132.48
1262,1262,507.75
1263,1263,625.92
1264,1264,284.51
1265,1265,775.07
1266,1266,233.13
1267,1267,883.29
1268,1268,154.99
1269,1269,171.56
1270,1270,398.8
1271,1271,740.46
1272,1272,9.87
1273,1273,593.78
1274,1274,577.8
1275,1275,370.59
1276,1276,127.31
1277,1277,139.67
1278,1278,37.57
1279,1279,859.97
1280,1280,598.9
1281,1281,773.09
1282,1282,318.4
1283,1283,682.96
1284,1284,698.51
1285,1285,907.05
1286,1286,79.75
1287,1287,988.42
1288,1288,515.01
1289,1289,521.57
1290,1290,23.91
1291,1291,856.93
1292,1292,785.46
1293,1293,762.84
1294,1294,632.83
1295,1295,853.04
1296,1296,846.1
1297,1297,32.18
1298,1298,918.6
1299,1299,174.76
1300,1300,707.51
1301,1301,913.92
1302,1302,977.26
1303,1303,500.33
1304,1304,543.11
1305,1305,473.67
1306,1306,613.19
1307,1307,470.97
1308,1308,978.29
1309,1309,813.48
1310,1310,160.7
1311,1311,47.94
1312,1312,231.76
1313,1313,430.43
1314,1314,204.64
1315,1315,11.4
1316,1316,589.19
1317,1317,676.98
1318,1318,56.5
1319,1319,294.4
1320,1320,53.68
1321,1321,911.56
1322,1322,337.05
1323,1323,714.32
1324,1324,756.09
1325,1325,674.18
1326,1326,3.44
1327,1327,895.08
1328,1328,491.13
1329,1329,284.4
1330,1330,359.51
1331,1331,864.04
1332,1332,553.41
1333,1333,485.13
1334,1334,216.69
1335,1335,224.52
1336,1336,52.81
1337,1337,436.72
1338,1338,617.17
1339,1339,264.41
1340,1340,62.15
1341,1341,422.04
1342,1342,652.59
1343,1343,343.34
1344,1344,300.48
1345,1345,212.09
1346,1346,236.9
1347,1347,477.9
1348,1348,662.88
1349,1349,526.11
1350,1350,563.41
1351,1351,401.52
1352,1352,199.01
1353,1353,972.1
1354,1354,915.72
1355,1355,14.64
1356,1356,75.53
1357,1357,613.47
1358,1358,257.87
1359,1359,714.92
1360,1360,4.36
1361,1361,625.43
1362,1362,376.4
1363,1363,707.5
1364,1364,208.46
1365,1365,405.72
1366,1366,916.5
1367,1367,348.58
1368,1368,535.9
1369,1369,306.85
1370,1370,114.26
1371,1371,597.87
1372,1372,332.24
1373,1373,566.36
1374,1374,230.74
1375,1375,450.08
1376,1376,732.58
1377,1377,307.59
1378,1378,57.33
1379,1379,367.81
1380,1380,80.33
1381,1381,191.09
1382,1382,841.45
1383,1383,52.5
1384,1384,263.7
1385,1385,711.24
1386,1386,815.83
1387,1387,732.81
1388,1388,949.93
1389,1389,667.39
1390,1390,510.77
1391,1391,752.99
1392,1392,527.85
1393,1393,113.97
1394,1394,153.42
1395,1395,982.11
1396,1396,399.97
1397,1397,818.65
1398,1398,138.05
1399,1399,920.88
1400,1400,612.51
1401,1401,558.12
1402,1402,819.65
1403,1403,979.74
1404,1404,108.37
1405,1405,155.12
1406,1406,520.21
1407,1407,193.14
1408,1408,652.3
1409,1409,974.14
1410,1410,755.4
1411,1411,634.55
1412,1412,18.65
1413,1413,631.85
1414,1414,387.65
1415,1415,820.38
1416,1416,240.15
1417,1417,133.9
1418,1418,68.3
1419,1419,279.29
1420,1420,585.12
1421,1421,792.15
1422,1422,228.87
1423,1423,544.75
1424,1424,826.67
1425,1425,211.88
1426,1426,361.22
1427,1427,325.42
1428,1428,360.36
1429,1429,325.89
1430,1430,323.39
1431,1431,871.7
1432,1432,234.98
1433,1433,667.69
1434,1434,149.2
1435,1435,122.9
1436,1436,602.69
1437,1437,231.12
1438,1438,795.98
1439,1439,451.16
1440,1440,831.98
1441,1441,214.59
1442,1442,652.35
1443,1443,568.07
1444,1444,49.16
1445,1445,715.9
1446,1446,362.13
1447,1447,567.8
1448,1448,238.54
1449,1449,154.45
1450,1450,259.88
1451,1451,508.43
1452,1452,107.07
1453,1453,566.85
1454,1454,969.31
1455,1455,298.62
1456,1456,176.42
1457,1457,872.07
1458,1458,344.41
1459,1459,769.11
1460,1460,251.72
1461,1461,387.75
1462,1462,677.09
1463,1463,86.68
1464,1464,460.2
1465,1465,580.34
1466,1466,37.06
1467,1467,525.95
1468,1468,431.48
1469,1469,194.37
1470,1470,820.6
1471,1471,331.05
1472,1472,154.99
1473,1473,710.75
1474,1474,984.82
1475,1475,339.51
1476,1476,323.61
1477,1477,569.57
1478,1478,306.65
1479,1479,287.28
1480,1480,846.95
1481,1481,414.74
1482,1482,425.02
1483,1483,101.94
1484,1484,966.23
1485,1485,436.68
1486,1486,698.31
1487,1487,774.14
1488,1488,651.91
1489,1489,888.57
1490,1490,383.03
1491,1491,876.33
1492,1492,77.1
1493,1493,657.12
1494,1494,852.59
1495,1495,229.61
1496,1496,414.01
1497,1497,431.49
1498,1498,460.23
1499,1499,843.62
1500,1500,82.13
1501,1501,408.18
1502,1502,0.09
1503,1503,815.29
1504,1504,417.62
1505,1505,606.71
1506,1506,189.4
1507,1507,735.66
1508,1508,72.15
1509,1509,780.53
1510,1510,827.27
1511,1511,283.62
1512,1512,236.12
1513,1513,995.06
1514,1514,859.37
1515,1515,687.48
1516,1516,784.31
1517,1517,152.55
1518,1518,891.75
1519,1519,640.71
1520,1520,468.51
1521,1521,436.31
1522,1522,320.34
1523,1523,369.33
1524,1524,70.67
1525,1525,671.87
1526,1526,537.02
1527,1527,473.07
1528,1528,762.15
1529,1529,292.73
1530,1530,316.88
1531,1531,825.41
1532,1532,916.58
1533,1533,563.72
1534,1534,50.88
1535,1535,663.57
1536,1536,496.85
1537,1537,626.55
1538,1538,537.68
1539,1539,218.94
1540,1540,744.77
1541,1541,588.7
1542,1542,289.93
1543,1543,352.54
1544,1544,264.1
1545,1545,430.59
1546,1546,623.97
1547,1547,890.99
1548,1548,995.56
1549,1549,28.24
1550,1550,431.59
1551,1551,510.81
1552,1552,314.45
1553,1553,392.29
1554,1554,348.27
1555,1555,813.81
1556,1556,103.72
1557,1557,634.57
1558,1558,3.23
1559,1559,519.88
1560,1560,85.39
1561,1561,846.32
1562,1562,291.83
1563,1563,442.42
1564,1564,3.23
1565,1565,989.81
1566,1566,8.51
1567,1567,24.13
1568,1568,249.77
1569,1569,457.37
1570,1570,368.26
1571,1571,402.42
1572,1572,732.6
1573,1573,602.8
1574,1574,299.98
1575,1575,497.19
1576,1576,389.67
1577,1577,161.44
1578,1578,565.08
1579,1579,414.25
1580,1580,308.4
1581,1581,981.36
1582,1582,32.97
1583,1583,958.28
1584,1584,890.91
1585,1585,466.63
1586,1586,590.75
1587,1587,249.34
1588,1588,680.85
1589,1589,886.15
1590,1590,778.18
1591,1591,760.74
1592,1592,928.72
1593,1593,106.31
1594,1594,787.22
1595,1595,962.92
1596,1596,97.26
1597,1597,566.07
1598,1598,562.28
1599,1599,99.11
1600,1600,866.74
1601,1601,685.08
1602,1602,794.08
1603,1603,908.65
1604,1604,622.72
1605,1605,904.81
1606,1606,807.21
1607,1607,312.24
1608,1608,426.61
1609,1609,194.6
1610,1610,349.99
1611,1611,576.48
1612,1612,292.31
1613,1613,863.7
1614,1614,600.44
1615,1615,628.45
1616,1616,242.18
1617,1617,757.62
1618,1618,557.27
1619,1619,267.44
1620,1620,583.7
1621,1621,291.5
1622,1622,419.7
1623,1623,297.9
1624,1624,663.36
1625,1625,861.6
1626,1626,736.6
1627,1627,684.93
1628,1628,231.39
1629,1629,979.45
1630,1630,87.78
1631,1631,135.24
1632,1632,318.22
1633,1633,602.04
1634,1634,583.81
1635,1635,702.89
1636,1636,743.66
1637,1637,580.17
1638,1638,559.52
1639,1639,437.88
1640,1640,163.52
1641,1641,66.4
1642,1642,932.47
1643,1643,505.77
1644,1644,191.87
1645,1645,42.57
1646,1646,773.78
1647,1647,8.02
1648,1648,680.64
1649,1649,667.21
1650,1650,645.41
1651,1651,63.43
1652,1652,352.39
1653,1653,435.78
1654,1654,201.97
1655,1655,673.22
1656,1656,647.91
1657,1657,368.69
1658,1658,420.33
1659,1659,711.55
1660,1660,18.47
1661,1661,763.63
1662,1662,577.2
1663,1663,537.34
1664,1664,732.89
1665,1665,494.32
1666,1666,96.85
1667,1667,871.33
1668,1668,504.27
1669,1669,764.91
1670,1670,686.88
1671,1671,719.64
1672,1672,462.96
1673,1673,643.33
1674,1674,716.78
1675,1675,97.18
1676,1676,605.13
1677,1677,881.64
1678,1678,969.28
1679,1679,476.07
1680,1680,150.09
1681,1681,279.39
1682,1682,256.25
1683,1683,154.12
1684,1684,769.73
1685,1685,472.05
1686,1686,858.36
1687,1687,539.46
1688,1688,516.55
1689,1689,692.46
1690,1690,873.85
1691,1691,693.86
1692,1692,597.08
1693,1693,565.92
1694,1694,911.6
1695,1695,897.1
1696,1696,6.75
1697,1697,394.44
1698,1698,163.43
1699,1699,861.42
1700,1700,405.6
1701,1701,18.04
1702,1702,511.4
1703,1703,192.62
1704,1704,709.03
1705,1705,324.69
1706,1706,727.26
1707,1707,668.85
1708,1708,938.43
1709,1709,13.24
1710,1710,348.03
1711,1711,524.89
1712,1712,525.38
1713,1713,101.95
1714,1714,540.46
1715,1715,879.6
1716,1716,79.27
1717,1717,566.38
1718,1718,469.73
1719,1719,846.68
1720,1720,964.71
1721,1721,184.34
1722,1722,663.81
1723,1723,915.01
1724,1724,365.55
1725,1725,262.38
1726,1726,1.44
1727,1727,592.58
1728,1728,20.89
1729,1729,822.32
1730,1730,125.68
1731,1731,791.64
1732,1732,201.87
1733,1733,450.11
1734,1734,122.82
1735,1735,424.43
1736,1736,18.39
1737,1737,248.0
1738,1738,660.18
1739,1739,227.04
1740,1740,988.97
1741,1741,175.81
1742,1742,0.97
1743,1743,207.57
1744,1744,993.26
1745,1745,826.26
1746,1746,653.41
1747,1747,393.39
1748,1748,949.56
1749,1749,405.43
1750,1750,537.01
1751,1751,587.48
1752,1752,75.6
1753,1753,974.5
1754,1754,775.5
1755,1755,42.35
1756,1756,874.67
1757,1757,758.87
1758,1758,954.48
1759,1759,625.64
1760,1760,54.62
1761,1761,369.57
1762,1762,180.94
1763,1763,916.18
1764,1764,825.97
1765,1765,131.03
1766,1766,874.87
1767,1767,656.19
1768,1768,734.99
1769,1769,435.66
1770,1770,316.3
1771,1771,982.52
1772,1772,899.83
1773,1773,478.06
1774,1774,895.29
1775,1775,885.26
1776,1776,677.63
1777,1777,719.7
1778,1778,542.1
1779,1779,326.27
1780,1780,68.74
1781,1781,892.72
1782,1782,718.75
1783,1783,698.8
1784,1784,432.81
1785,1785,369.35
1786,1786,594.79
1787,1787,989.26
1788,1788,765.02
1789,1789,38.4
1790,1790,392.86
1791,1791,435.56
1792,1792,700.41
1793,1793,236.11
1794,1794,988.8
1795,1795,874.19
1796,1796,431.35
1797,1797,347.18
1798,1798,574.76
1799,1799,947.63
1800,1800,54.43
1801,1801,759.45
1802,1802,636.88
1803,1803,900.95
1804,1804,676.77
1805,1805,585.33
1806,1806,505.55
1807,1807,776.64
1808,1808,628.12
1809,1809,219.33
1810,1810,545.87
1811,1811,767.77
1812,1812,706.72
1813,1813,518.92
1814,1814,585.68
1815,1815,491.3
1816,1816,872.86
1817,1817,389.5
1818,1818,855.74
1819,1819,837.87
1820,1820,256.08
1821,1821,439.8
1822,1822,54.49
1823,1823,642.81
1824,1824,962.62
1825,1825,900.36
1826,1826,935.53
1827,1827,591.7
1828,1828,779.61
1829,1829,896.35
1830,1830,333.29
1831,1831,661.24
1832,1832,203.73
1833,1833,619.63
1834,1834,273.25
1835,1835,707.73
1836,1836,936.33
1837,1837,7.94
1838,1838,665.02
1839,1839,315.13
1840,1840,344.56
1841,1841,221.68
1842,1842,50.29
1843,1843,239.66
1844,1844,828.64
1845,1845,798.94
1846,1846,314.87
1847,1847,940.44
1848,1848,185.77
1849,1849,699.08
1850,1850,945.66
1851,1851,434.93
1852,1852,391.02
1853,1853,103.73
1854,1854,683.21
1855,1855,77.77
1856,1856,581.69
1857,1857,910.03
1858,1858,85.27
1859,1859,985.82
1860,1860,667.24
1861,1861,5.31
1862,1862,161.31
1863,1863,229.46
1864,1864,939.57
1865,1865,170.34
1866,1866,827.91
1867,1867,585.56
1868,1868,597.26
1869,1869,47.03
1870,1870,541.1
1871,1871,22.57
1872,1872,918.53
1873,1873,489.34
1874,1874,976.07
1875,1875,670.69
1876,1876,4.34
1877,1877,137.99
1878,1878,711.77
1879,1879,766.12
1880,1880,784.13
1881,1881,883.17
1882,1882,642.47
1883,1883,508.88
1884,1884,821.68
1885,1885,994.95
1886,1886,765.17
1887,1887,304.99
1888,1888,650.4
1889,1889,51.82
1890,1890,774.9
1891,1891,945.1
1892,1892,86.31
1893,1893,611.85
1894,1894,458.83
1895,1895,141.06
1896,1896,167.06
1897,1897,910.94
1898,1898,239.56
1899,1899,680.21
1900,1900,526.52
1901,1901,312.18
1902,1902,418.75
1903,1903,889.0
1904,1904,381.34
1905,1905,849.45
1906,1906,152.93
1907,1907,628.14
1908,1908,70.97
1909,1909,163.02
1910,1910,58.41
1911,1911,691.3
1912,1912,506.33
1913,1913,258.11
1914,1914,572.71
1915,1915,271.13
1916,1916,364.3
1917,1917,941.95
1918,1918,667.88
1919,1919,39.22
1920,1920,42.73
1921,1921,999.31
1922,1922,620.1
1923,1923,8.55
1924,1924,836.08
1925,1925,309.78
1926,1926,426.41
1927,1927,595.32
1928,1928,781.75
1929,1929,660.08
1930,1930,369.11
1931,1931,416.22
1932,1932,195.36
1933,1933,863.72
1934,1934,23.27
1935,1935,572.05
1936,1936,226.57
1937,1937,303.83
1938,1938,52.64
1939,1939,104.49
1940,1940,786.1
1941,1941,371.19
1942,1942,975.45
1943,1943,468.5
1944,1944,568.29
1945,1945,666.12
1946,1946,670.76
1947,1947,301.24
1948,1948,867.96
1949,1949,743.04
1950,1950,279.49
1951,1951,307.0
1952,1952,911.18
1953,1953,219.75
1954,1954,1.53
1955,1955,94.54
1956,1956,935.29
1957,1957,288.11
1958,1958,179.25
1959,1959,826.69
1960,1960,857.25
1961,1961,633.22
1962,1962,624.41
1963,1963,586.23
1964,1964,894.94
1965,1965,68.19
1966,1966,843.13
1967,1967,491.05
1968,1968,92.78
1969,1969,935.38
1970,1970,894.7
1971,1971,309.82
1972,1972,602.93
1973,1973,788.76
1974,1974,383.42
1975,1975,664.37
1976,1976,528.23
1977,1977,707.99
1978,1978,6.46
1979,1979,929.69
1980,1980,471.11
1981,1981,174.45
1982,1982,204.76
1983,1983,353.51
1984,1984,417.3
1985,1985,78.87
1986,1986,76.8
1987,1987,272.1
1988,1988,360.86
1989,1989,728.95
1990,1990,53.25
1991,1991,512.47
1992,1992,71.72
1993,1993,304.73
1994,1994,701.15
1995,1995,533.77
1996,1996,552.89
1997,1997,398.93
1998,1998,133.56
1999,1999,507.81
2000,2000,929.96
2001,2001,312.06
2002,2002,361.19
2003,2003,851.67
2004,2004,251.12
2005,2005,725.35
2006,2006,834.61
2007,2007,751.58
2008,2008,481.33
2009,2009,486.56
2010,2010,334.71
2011,2011,256.69
2012,2012,766.37
2013,2013,195.4
2014,2014,887.53
2015,2015,34.55
2016,2016,827.08
2017,2017,169.98
2018,2018,505.53
2019,2019,572.37
2020,2020,154.41
2021,2021,377.41
2022,2022,95.79
2023,2023,810.11
2024,2024,146.83
2025,2025,198.73
2026,2026,367.18
2027,2027,182.16
2028,2028,158.97
2029,2029,237.38
2030,2030,870.68
2031,2031,805.37
2032,2032,908.24
2033,2033,955.33
2034,2034,276.35
2035,2035,220.87
2036,2036,316.3
2037,2037,546.63
2038,2038,819.23
2039,2039,848.73
2040,2040,842.06
2041,2041,635.98
2042,2042,97.08
2043,2043,185.02
2044,2044,348.24
2045,2045,262.59
2046,2046,922.77
2047,2047,535.64
2048,2048,948.81
2049,2049,451.86
2050,2050,501.65
2051,2051,349.4
2052,2052,176.68
2053,2053,456.76
2054,2054,343.13
2055,2055,74.22
2056,2056,346.69
2057,2057,983.59
2058,2058,384.0
2059,2059,246.65
2060,2060,602.15
2061,2061,640.48
2062,2062,638.37
2063,2063,878.46
2064,2064,518.57
2065,2065,171.69
2066,2066,778.23
2067,2067,561.19
2068,2068,117.44
2069,2069,527.78
2070,2070,609.75
2071,2071,190.73
2072,2072,210.53
2073,2073,595.99
2074,2074,981.73
2075,2075,601.02
2076,2076,701.49
2077,2077,575.21
2078,2078,681.89
2079,2079,296.83
2080,2080,143.24
2081,2081,865.46
2082,2082,612.1
2083,2083,815.78
2084,2084,74.01
2085,2085,199.27
2086,2086,159.97
2087,2087,302.94
2088,2088,3.8
2089,2089,396.03
2090,2090,697.17
2091,2091,406.29
2092,2092,672.52
2093,2093,503.72
2094,2094,8.07
2095,2095,332.34
2096,2096,144.99
2097,2097,605.33
2098,2098,186.05
2099,2099,683.04
2100,2100,829.44
2101,2101,824.87
2102,2102,730.68
2103,2103,712.54
2104,2104,619.48
2105,2105,280.77
2106,2106,231.83
2107,2107,694.7
2108,2108,565.89
2109,2109,706.68
2110,2110,392.76
2111,2111,712.02
2112,2112,569.4
2113,2113,483.7
2114,2114,470.71
2115,2115,703.29
2116,2116,767.64
2117,2117,542.08
2118,2118,306.14
2119,2119,620.89
2120,2120,418.83
2121,2121,583.29
2122,2122,793.08
2123,2123,504.02
2124,2124,212.03
2125,2125,938.88
2126,2126,197.29
2127,2127,615.02
2128,2128,162.48
2129,2129,843.49
2130,2130,177.51
2131,2131,548.56
2132,2132,621.69
2133,2133,771.93
2134,2134,796.47
2135,2135,499.1
2136,2136,263.27
2137,2137,415.9
2138,2138,504.12
2139,2139,560.29
2140,2140,458.89
2141,2141,363.93
2142,2142,657.99
2143,2143,278.49
2144,2144,942.34
2145,2145,880.18
2146,2146,224.25
2147,2147,209.68
2148,2148,179.49
2149,2149,149.97
2150,2150,989.19
2151,2151,180.64
2152,2152,582.89
2153,2153,982.34
2154,2154,725.98
2155,2155,92.87
2156,2156,603.55
2157,2157,805.53
2158,2158,446.22
2159,2159,108.83
2160,2160,425.75
2161,2161,565.24
2162,2162,295.22
2163,2163,582.92
2164,2164,632.21
2165,2165,726.32
2166,2166,113.7
2167,2167,777.61
2168,2168,104.25
2169,2169,245.62
2170,2170,646.36
2171,2171,284.74
2172,2172,317.94
2173,2173,874.43
2174,2174,726.45
2175,2175,578.35
2176,2176,41.84
2177,2177,135.4
2178,2178,735.87
2179,2179,458.95
2180,2180,951.88
2181,2181,53.16
2182,2182,468.26
2183,2183,357.34
2184,2184,795.63
2185,2185,844.0
2186,2186,171.41
2187,2187,48.65
2188,2188,165.95
2189,2189,537.71
2190,2190,269.5
2191,2191,814.88
2192,2192,359.34
2193,2193,104.32
2194,2194,348.57
2195,2195,848.19
2196,2196,164.44
2197,2197,268.78
2198,2198,138.09
2199,2199,201.89
2200,2200,505.97
2201,2201,156.3
2202,2202,135.96
2203,2203,43.05
2204,2204,320.71
2205,2205,58.37
2206,2206,870.03
2207,2207,15.23
2208,2208,175.57
2209,2209,428.69
2210,2210,948.8
2211,2211,576.29
2212,2212,388.67
2213,2213,849.62
2214,2214,573.82
2215,2215,82.16
2216,2216,918.52
2217,2217,697.65
2218,2218,608.84
2219,2219,653.04
2220,2220,15.24
2221,2221,89.22
2222,2222,694.55
2223,2223,352.91
2224,2224,152.0
2225,2225,186.45
2226,2226,381.52
2227,2227,957.64
2228,2228,808.17
2229,2229,611.95
2230,2230,140.13
2231,2231,242.84
2232,2232,492.73
2233,2233,583.68
2234,2234,308.41
2235,2235,134.14
2236,2236,950.43
2237,2237,680.59
2238,2238,78.3
2239,2239,23.99
2240,2240,520.22
2241,2241,987.7
2242,2242,520.22
2243,2243,56.15
2244,2244,618.97
2245,2245,612.99
2246,2246,773.22
2247,2247,463.43
2248,2248,332.29
2249,2249,92.14
2250,2250,565.54
2251,2251,518.64
2252,2252,992.66
2253,2253,222.78
2254,2254,25.02
2255,2255,768.15
2256,2256,220.5
2257,2257,529.77
2258,2258,636.93
2259,2259,145.66
2260,2260,669.74
2261,2261,828.91
2262,2262,940.0
2263,2263,762.65
2264,2264,129.48
2265,2265,767.15
2266,2266,219.4
2267,2267,346.68
2268,2268,722.87
2269,2269,9.45
2270,2270,313.41
2271,2271,510.16
2272,2272,62.91
2273,2273,407.48
2274,2274,884.51
2275,2275,139.28
2276,2276,95.68
2277,2277,604.47
2278,2278,980.43
2279,2279,84.88
2280,2280,341.26
2281,2281,693.95
2282,2282,854.08
2283,2283,194.39
2284,2284,87.02
2285,2285,331.38
2286,2286,184.96
2287,2287,28.45
2288,2288,609.42
2289,2289,966.5
2290,2290,442.53
2291,2291,638.85
2292,2292,383.4
2293,2293,751.25
2294,2294,755.09
2295,2295,178.41
2296,2296,206.86
2297,2297,227.18
2298,2298,475.36
2299,2299,332.65
2300,2300,74.27
2301,2301,946.17
2302,2302,83.41
2303,2303,350.16
2304,2304,226.37
2305,2305,471.35
2306,2306,648.69
2307,2307,559.57
2308,2308,623.27
2309,2309,707.61
2310,2310,787.36
2311,2311,598.76
2312,2312,187.03
2313,2313,78.27
2314,2314,4.74
2315,2315,908.27
2316,2316,43.48
2317,2317,69.51
2318,2318,500.76
2319,2319,715.75
2320,2320,532.56
2321,2321,509.88
2322,2322,858.66
2323,2323,293.32
2324,2324,398.23
2325,2325,983.03
2326,2326,969.16
2327,2327,55.87
2328,2328,435.85
2329,2329,321.95
2330,2330,616.19
2331,2331,436.35
2332,2332,590.93
2333,2333,271.38
2334,2334,946.92
2335,2335,131.01
2336,2336,440.48
2337,2337,33.82
2338,2338,79.11
2339,2339,444.59
2340,2340,341.75
2341,2341,447.62
2342,2342,114.27
2343,2343,836.26
2344,2344,681.15
2345,2345,62.95
2346,2346,359.16
2347,2347,960.93
2348,2348,184.83
2349,2349,150.09
2350,2350,54.79
2351,2351,663.45
2352,2352,76.79
2353,2353,483.74
2354,2354,772.91
2355,2355,355.51
2356,2356,175.77
2357,2357,179.45
2358,2358,458.45
2359,2359,195.97
2360,2360,906.33
2361,2361,148.04
2362,2362,47.36
2363,2363,722.07
2364,2364,778.7
2365,2365,954.82
2366,2366,205.48
2367,2367,376.92
2368,2368,393.58
2369,2369,418.12
2370,2370,798.08
2371,2371,955.09
2372,2372,694.53
2373,2373,184.32
2374,2374,496.31
2375,2375,128.19
2376,2376,617.1
2377,2377,857.22
2378,2378,926.76
2379,2379,539.47
2380,2380,718.25
2381,2381,915.43
2382,2382,461.3
2383,2383,247.35
2384,2384,129.27
2385,2385,941.09
2386,2386,308.61
2387,2387,877.58
2388,2388,922.02
2389,2389,342.58
2390,2390,435.95
2391,2391,204.91
2392,2392,940.76
2393,2393,322.74
2394,2394,590.96
2395,2395,940.07
2396,2396,144.38
2397,2397,251.48
2398,2398,474.32
2399,2399,950.02
2400,2400,597.37
2401,2401,988.82
2402,2402,464.24
2403,2403,261.6
2404,2404,313.9
2405,2405,463.29
2406,2406,493.92
2407,2407,55.31
2408,2408,664.85
2409,2409,184.27
2410,2410,218.14
2411,2411,680.88
2412,2412,810.14
2413,2413,713.52
2414,2414,376.7
2415,2415,840.51
2416,2416,889.77
2417,2417,727.85
2418,2418,796.76
2419,2419,261.81
2420,2420,221.29
2421,2421,567.06
2422,2422,980.11
2423,2423,842.14
2424,2424,662.83
2425,2425,339.4
2426,2426,14.06
2427,2427,260.14
2428,2428,692.92
2429,2429,261.6
2430,2430,825.89
2431,2431,615.01
2432,2432,770.24
2433,2433,737.39
2434,2434,602.65
2435,2435,823.59
2436,2436,107.03
2437,2437,393.18
2438,2438,316.43
2439,2439,389.22
2440,2440,407.52
2441,2441,822.95
2442,2442,731.31
2443,2443,488.97
2444,2444,872.36
2445,2445,542.13
2446,2446,385.58
2447,2447,267.26
2448,2448,697.77
2449,2449,934.7
2450,2450,782.3
2451,2451,246.01
2452,2452,684.53
2453,2453,483.58
2454,2454,292.56
2455,2455,411.24
2456,2456,981.05
2457,2457,30.49
2458,2458,662.83
2459,2459,604.24
2460,2460,936.53
2461,2461,502.17
2462,2462,445.39
2463,2463,721.18
2464,2464,999.18
2465,2465,549.48
2466,2466,111.07
2467,2467,641.44
2468,2468,100.35
2469,2469,946.06
2470,2470,496.42
2471,2471,855.44
2472,2472,903.49
2473,2473,769.26
2474,2474,292.9
2475,2475,670.91
2476,2476,845.92
2477,2477,14.0
2478,2478,723.12
2479,2479,564.46
2480,2480,851.4
2481,2481,335.72
2482,2482,754.58
2483,2483,488.09
2484,2484,806.96
2485,2485,898.46
2486,2486,34.43
2487,2487,706.97
2488,2488,600.36
2489,2489,219.53
2490,2490,649.91
2491,2491,346.67
2492,2492,502.56
2493,2493,789.23
2494,2494,496.38
2495,2495,378.36
2496,2496,298.27
2497,2497,377.71
2498,2498,154.55
2499,2499,54.19
2500,2500,282.53
2501,2501,930.42
2502,2502,692.47
2503,2503,36.6
2504,2504,247.54
2505,2505,519.88
2506,2506,715.46
2507,2507,633.4
2508,2508,246.33
2509,2509,134.26
2510,2510,488.92
2511,2511,974.52
2512,2512,541.65
2513,2513,703.84
2514,2514,113.08
2515,2515,971.39
2516,2516,312.14
2517,2517,509.95
2518,2518,883.95
2519,2519,926.27
2520,2520,335.15
2521,2521,476.03
2522,2522,971.24
2523,2523,7.21
2524,2524,95.61
2525,2525,20.38
2526,2526,938.5
2527,2527,805.6
2528,2528,148.74
2529,2529,770.89
2530,2530,171.65
2531,2531,426.4
2532,2532,634.98
2533,2533,232.15
2534,2534,753.67
2535,2535,946.52
2536,2536,319.04
2537,2537,313.53
2538,2538,748.29
2539,2539,73.71
2540,2540,905.29
2541,2541,104.95
2542,2542,781.95
2543,2543,583.28
2544,2544,325.33
2545,2545,511.03
2546,2546,553.94
2547,2547,475.89
2548,2548,650.88
2549,2549,937.32
2550,2550,793.31
2551,2551,814.18
2552,2552,98.15
2553,2553,514.5
2554,2554,781.77
2555,2555,297.49
2556,2556,148.64
2557,2557,904.91
2558,2558,246.4
2559,2559,785.67
2560,2560,660.53
2561,2561,669.24
2562,2562,326.37
2563,2563,909.36
2564,2564,519.2
2565,2565,711.37
2566,2566,237.46
2567,2567,933.95
2568,2568,650.76
2569,2569,11.55
2570,2570,602.54
2571,2571,683.13
2572,2572,856.15
2573,2573,34.93
2574,2574,406.02
2575,2575,584.78
2576,2576,461.38
2577,2577,618.48
2578,2578,784.43
2579,2579,630.8
2580,2580,171.18
2581,2581,537.22
2582,2582,308.19
2583,2583,47.61
2584,2584,920.35
2585,2585,534.81
2586,2586,285.2
2587,2587,794.28
2588,2588,276.94
2589,2589,265.12
2590,2590,256.06
2591,2591,54.46
2592,2592,513.15
2593,2593,405.65
2594,2594,579.44
2595,2595,685.84
2596,2596,879.13
2597,2597,828.11
2598,2598,24.13
2599,2599,835.44
2600,2600,279.27
2601,2601,79.13
2602,2602,561.46
2603,2603,10.73
2604,2604,982.93
2605,2605,67.51
2606,2606,362.93
2607,2607,555.09
2608,2608,114.98
2609,2609,808.36
2610,2610,147.37
2611,2611,269.57
2612,2612,575.79
2613,2613,154.81
2614,2614,173.4
2615,2615,659.95
2616,2616,874.66
2617,2617,372.58
2618,2618,581.53
2619,2619,577.62
2620,2620,578.47
2621,2621,122.88
2622,2622,77.67
2623,2623,519.85
2624,2624,1.59
2625,2625,707.19
2626,2626,970.02
2627,2627,193.53
2628,2628,136.49
2629,2629,416.99
2630,2630,49.02
2631,2631,3.18
2632,2632,823.64
2633,2633,81.78
2634,2634,41.52
2635,2635,990.66
2636,2636,289.78
2637,2637,489.97
2638,2638,400.29
2639,2639,48.76
2640,2640,616.5
2641,2641,320.72
2642,2642,0.57
2643,2643,98.69
2644,2644,833.06
2645,2645,292.99
2646,2646,397.61
2647,2647,381.04
2648,2648,701.79
2649,2649,907.51
2650,2650,660.44
2651,2651,716.23
2652,2652,764.25
2653,2653,37.09
2654,2654,872.61
2655,2655,930.28
2656,2656,349.57
2657,2657,333.6
2658,2658,683.8
2659,2659,100.06
2660,2660,699.1
2661,2661,475.25
2662,2662,284.25
2663,2663,182.28
2664,2664,727.92
2665,2665,858.39
2666,2666,863.97
2667,2667,463.63
2668,2668,410.14
2669,2669,700.11
2670,2670,845.49
2671,2671,717.19
2672,2672,288.27
2673,2673,539.68
2674,2674,249.25
2675,2675,402.14
2676,2676,776.48
2677,2677,289.41
2678,2678,398.63
2679,2679,729.65
2680,2680,843.71
2681,2681,956.64
2682,2682,923.32
2683,2683,581.67
2684,2684,748.29
2685,2685,676.86
2686,2686,966.24
2687,2687,33.08
2688,2688,82.28
2689,2689,698.0
2690,2690,774.13
2691,2691,830.35
2692,2692,139.04
2693,2693,700.38
2694,2694,701.19
2695,2695,25.38
2696,2696,297.98
2697,2697,576.7
2698,2698,261.16
2699,2699,134.61
2700,2700,353.43
2701,2701,90.69
2702,2702,173.81
2703,2703,614.29
2704,2704,733.03
2705,2705,159.93
2706,2706,804.59
2707,2707,922.93
2708,2708,733.06
2709,2709,287.77
2710,2710,990.0
2711,2711,129.93
2712,2712,81.78
2713,2713,752.03
2714,2714,997.94
2715,2715,670.57
2716,2716,737.39
2717,2717,962.5
2718,2718,906.46
2719,2719,302.68
2720,2720,45.07
2721,2721,845.83
2722,2722,22.3
2723,2723,768.78
2724,2724,373.86
2725,2725,20.12
2726,2726,286.81
2727,2727,292.37
2728,2728,137.67
2729,2729,161.04
2730,2730,918.52
2731,2731,926.71
2732,2732,143.4
2733,2733,725.02
2734,2734,69.66
2735,2735,811.76
2736,2736,413.51
2737,2737,390.5
2738,2738,91.28
2739,2739,416.85
2740,2740,40.96
2741,2741,959.28
2742,2742,507.02
2743,2743,224.49
2744,2744,261.67
2745,2745,878.14
2746,2746,67.46
2747,2747,833.42
2748,2748,906.5
2749,2749,601.69
2750,2750,882.27
2751,2751,974.04
2752,2752,397.75
2753,2753,980.47
2754,2754,256.49
2755,2755,2.79
2756,2756,52.03
2757,2757,594.81
2758,2758,198.06
2759,2759,968.2
2760,2760,409.09
2761,2761,76.3
2762,2762,434.52
2763,2763,91.55
2764,2764,424.15
2765,2765,411.74
2766,2766,831.62
2767,2767,287.8
2768,2768,204.18
2769,2769,434.4
2770,2770,841.63
2771,2771,455.01
2772,2772,744.42
2773,2773,407.17
2774,2774,271.43
2775,2775,351.29
2776,2776,875.79
2777,2777,753.84
2778,2778,965.3
2779,2779,397.71
2780,2780,455.29
2781,2781,151.16
2782,2782,260.51
2783,2783,753.14
2784,2784,862.89
2785,2785,504.04
2786,2786,27.66
2787,2787,992.55
2788,2788,185.02
2789,2789,724.4
2790,2790,537.4
2791,2791,384.97
2792,2792,1.02
2793,2793,616.73
2794,2794,714.28
2795,2795,368.82
2796,2796,541.03
2797,2797,677.36
2798,2798,525.19
2799,2799,224.0
2800,2800,275.54
2801,2801,783.68
2802,2802,828.01
2803,2803,8.68
2804,2804,170.87
2805,2805,947.4
2806,2806,822.8
2807,2807,257.27
2808,2808,500.06
2809,2809,367.17
2810,2810,473.32
2811,2811,949.93
2812,2812,936.97
2813,2813,506.17
2814,2814,711.55
2815,2815,287.83
2816,2816,645.42
2817,2817,673.65
2818,2818,920.67
2819,2819,695.65
2820,2820,946.53
2821,2821,581.88
2822,2822,118.88
2823,2823,495.35
2824,2824,855.38
2825,2825,450.24
2826,2826,389.54
2827,2827,17.23
2828,2828,788.47
2829,2829,154.05
2830,2830,643.1
2831,2831,716.2
2832,2832,731.12
2833,2833,313.27
2834,2834,79.74
2835,2835,9.98
2836,2836,908.14
2837,2837,350.16
2838,2838,602.18
2839,2839,466.61
2840,2840,268.08
2841,2841,291.6
2842,2842,888.32
2843,2843,94.54
2844,2844,288.22
2845,2845,282.56
2846,2846,241.48
2847,2847,593.29
2848,2848,599.73
2849,2849,776.98
2850,2850,448.45
2851,2851,124.49
2852,2852,373.96
2853,2853,206.81
2854,2854,743.1
2855,2855,532.44
2856,2856,695.84
2857,2857,925.99
2858,2858,170.55
2859,2859,478.23
2860,2860,752.37
2861,2861,603.3
2862,2862,952.63
2863,2863,425.42
2864,2864,179.85
2865,2865,436.56
2866,2866,546.89
2867,2867,210.34
2868,2868,883.59
2869,2869,877.8
2870,2870,436.52
2871,2871,653.35
2872,2872,404.14
2873,2873,493.3
2874,2874,176.92
2875,2875,148.89
2876,2876,102.41
2877,2877,256.06
2878,2878,457.96
2879,2879,776.68
2880,2880,918.66
2881,2881,853.97
2882,2882,327.33
2883,2883,173.25
2884,2884,926.1
2885,2885,471.59
2886,2886,22.7
2887,2887,509.89
2888,2888,173.46
2889,2889,202.75
2890,2890,21.85
2891,2891,866.18
2892,2892,262.7
2893,2893,459.56
2894,2894,241.02
2895,2895,201.0
2896,2896,584.65
2897,2897,437.84
2898,2898,273.54
2899,2899,587.33
2900,2900,440.96
2901,2901,820.61
2902,2902,376.24
2903,2903,52.67
2904,2904,327.2
2905,2905,698.19
2906,2906,98.1
2907,2907,957.08
2908,2908,846.81
2909,2909,215.04
2910,2910,387.58
2911,2911,279.23
2912,2912,52.23
2913,2913,927.98
2914,2914,938.21
2915,2915,975.89
2916,2916,31.45
2917,2917,176.54
2918,2918,376.56
2919,2919,343.05
2920,2920,576.64
2921,2921,801.96
2922,2922,379.19
2923,2923,260.82
2924,2924,81.25
2925,2925,606.69
2926,2926,989.73
2927,2927,807.0
2928,2928,961.26
2929,2929,384.01
2930,2930,671.05
2931,2931,17.0
2932,2932,71.01
2933,2933,678.95
2934,2934,64.76
2935,2935,961.6
2936,2936,77.59
2937,2937,869.06
2938,2938,599.75
2939,2939,576.68
2940,2940,829.35
2941,2941,935.14
2942,2942,450.36
2943,2943,242.38
2944,2944,925.74
2945,2945,166.3
2946,2946,457.16
2947,2947,529.37
2948,2948,486.39
2949,2949,700.72
2950,2950,2.77
2951,2951,76.22
2952,2952,700.61
2953,2953,86.05
2954,2954,75.95
2955,2955,93.8
2956,2956,482.94
2957,2957,504.22
2958,2958,643.4
2959,2959,574.75
2960,2960,99.3
2961,2961,591.47
2962,2962,619.04
2963,2963,101.64
2964,2964,124.59
2965,2965,943.69
2966,2966,992.29
2967,2967,251.67
2968,2968,781.25
2969,2969,504.15
2970,2970,686.04
2971,2971,681.24
2972,2972,923.53
2973,2973,744.01
2974,2974,510.09
2975,2975,281.94
2976,2976,731.16
2977,2977,764.74
2978,2978,189.19
2979,2979,197.96
2980,2980,108.53
2981,2981,746.59
2982,2982,397.77
2983,2983,718.15
2984,2984,187.78
2985,2985,39.88
2986,2986,325.87
2987,2987,535.62
2988,2988,376.49
2989,2989,84.09
2990,2990,656.27
2991,2991,329.64
2992,2992,619.18
2993,2993,557.75
2994,2994,297.29
2995,2995,29.71
2996,2996,328.07
2997,2997,723.08
2998,2998,812.71
2999,2999,300.66
3000,3000,179.86
