wishlist_id,product_id
1,9366
1,3163
2,6695
2,4772
2,1861
2,10630
3,2101
3,12452
5,1331
5,9661
5,14931
5,3373
6,196
6,13228
7,4061
8,5934
9,13488
9,8342
10,2335
10,8895
10,13757
12,11
13,6222
13,13612
13,711
14,13479
14,687
14,10029
15,12910
15,1300
16,10496
16,3970
17,2801
20,219
20,11801
20,12822
20,2348
22,1188
22,13943
22,13560
24,10498
24,5486
24,10827
24,12378
25,6688
25,20
25,744
25,445
26,8410
26,4775
26,3624
26,3442
27,4553
27,4240
28,12128
28,1692
28,10499
28,1948
29,13619
30,1066
32,77
33,1620
33,6939
34,8518
35,3059
36,8509
36,6431
36,12565
36,14768
37,4547
37,3823
39,6374
40,4586
41,8738
43,605
43,7144
45,3010
45,3694
45,10059
46,14814
46,7853
46,1254
47,2057
48,6071
48,10717
48,5442
48,9664
49,10882
50,352
50,3323
50,12306
51,7535
52,2875
52,12145
52,12985
55,12141
55,1065
55,8462
55,6908
56,5913
57,8642
57,962
57,8970
58,4056
58,6949
59,13814
59,6661
59,13150
59,238
60,2777
60,11086
60,1179
61,9620
61,6309
63,4014
63,735
64,6706
65,3098
65,14475
65,14655
65,7623
66,4280
66,5555
66,3097
67,10234
68,8317
68,921
69,9085
69,2837
69,1643
69,5151
70,7938
70,9941
70,7058
70,14909
71,11671
71,4466
72,10491
73,2080
74,14446
74,10558
74,1948
74,549
75,14841
75,14573
76,6072
76,14232
76,312
76,8386
77,2661
77,398
77,310
78,5650
78,5151
78,8658
79,12859
79,638
79,5
79,3097
80,386
80,4532
80,2421
80,5670
81,2675
81,4181
81,9327
81,3783
82,9099
82,4269
82,7822
82,8176
83,994
83,11663
86,2954
86,2357
87,654
87,2860
87,4464
87,9211
88,7252
88,7247
88,5750
88,3170
89,12089
89,11364
91,9907
92,2309
92,11428
93,703
94,7798
95,5062
96,8925
96,14741
97,3885
97,12272
97,14300
97,13406
98,3288
98,2064
99,5100
100,1240
101,8246
101,737
101,4406
102,373
102,14101
102,5243
102,8201
103,11749
103,13960
103,13445
104,7779
104,5837
105,8589
106,464
106,9652
106,1360
107,12391
107,10576
107,4889
108,7375
108,10171
109,8919
109,8186
109,12964
109,14154
110,8863
112,7224
112,13833
112,12205
113,468
113,6193
113,71
113,11598
114,12562
114,10745
114,11669
114,8765
116,12038
116,9791
116,4326
116,8216
117,10962
117,13473
118,9691
118,6183
118,1931
119,13189
121,1655
121,2628
121,24
122,4443
123,14679
123,9275
123,9769
123,9880
124,12783
125,6154
125,10425
125,5300
126,2771
126,6454
126,3366
127,13478
128,12110
128,13589
128,243
129,3355
129,1463
130,4200
130,10909
130,3903
131,4214
131,10173
131,7793
132,8539
132,1640
133,9594
136,1600
138,1994
138,7355
139,7444
139,2004
139,11659
139,7690
140,6519
141,14248
141,5106
142,7211
142,3377
142,10065
143,11610
143,9289
144,8955
144,5192
144,6266
144,5985
146,12345
147,295
147,3341
148,10406
148,12324
148,13923
150,10315
150,1994
150,8641
150,6142
152,6174
152,1587
152,9283
152,2988
153,11352
153,13706
153,13393
153,8752
155,4468
155,2592
158,2916
158,12557
159,4388
159,12196
159,13794
160,4363
160,14280
160,1829
161,2323
162,10267
162,1040
163,7959
163,303
164,3819
165,11197
165,12780
165,257
165,9440
166,5171
168,9559
168,14744
168,8513
169,11953
169,13831
170,14218
170,11679
172,1782
172,8347
173,12497
173,14728
173,1353
174,6122
174,328
174,8125
175,1695
177,1472
177,6051
177,714
178,4750
178,9801
178,3566
179,130
179,13065
179,10026
181,9103
181,340
181,5992
182,14011
183,8380
184,1298
185,2622
185,6917
185,5232
186,3883
186,12914
187,13530
189,7140
189,10729
189,14581
189,6539
190,14996
190,10464
190,7682
191,7063
191,13118
191,3118
192,4491
192,11708
193,10443
193,10001
193,14419
194,13861
194,3650
194,7190
195,3463
196,9686
196,6036
196,12155
196,13705
197,13671
197,10230
197,9786
197,8888
199,11836
199,14312
199,145
199,9443
200,7363
201,9548
202,11138
202,7000
202,2265
202,13702
203,100
203,632
203,10840
203,7241
204,13139
204,9331
204,200
205,12669
205,13751
206,8550
206,154
206,13591
207,7171
208,7650
208,11549
208,2986
209,6847
209,9550
209,6913
209,335
210,933
210,13463
211,13656
211,2334
211,12570
212,14374
212,14627
212,4482
212,14011
213,1987
214,13666
214,6155
214,3439
214,8955
216,5457
216,11850
216,14530
216,12255
217,2403
217,3079
220,11410
220,13573
220,14607
220,9260
221,770
221,10054
222,13116
222,9842
223,10647
223,13004
223,1316
223,10644
224,11645
225,7194
225,10423
226,13812
227,6958
227,12208
230,6924
230,906
232,10064
234,9805
235,2286
236,5006
236,10313
236,8736
236,7956
237,2042
237,13561
237,9043
238,1426
240,6207
241,6064
242,12444
242,12892
242,5468
245,668
245,9939
245,4025
245,1565
246,2866
246,242
246,10248
247,5629
247,11965
248,2199
248,4965
249,4011
249,1832
254,10778
255,2241
255,9233
255,12089
259,8143
260,9844
260,2119
260,5158
260,12694
261,7345
261,257
261,6163
261,1806
266,6676
268,2242
268,4246
268,8427
269,3460
270,11978
272,8963
272,3750
272,13278
273,13593
273,2150
273,6726
274,11617
274,12112
274,4134
274,1776
275,4034
275,6374
275,7433
276,9991
276,5274
276,4671
276,12616
277,9442
277,10575
277,2913
278,11257
278,14756
278,6702
278,11411
279,6709
279,4726
281,8755
281,4486
281,13630
283,10994
283,6080
283,2274
284,5367
284,14951
284,11809
284,805
285,3695
287,4433
287,898
288,11733
289,847
289,5964
290,7419
291,13757
291,14052
291,4904
291,1195
292,6333
292,1060
292,6772
293,4482
293,9310
293,7325
293,3682
295,14327
295,14993
295,8525
296,3722
296,5296
296,14736
297,2484
297,12779
297,5217
297,4733
298,12004
298,4582
298,11606
298,11697
299,1106
299,9013
299,940
299,11974
301,11665
301,7583
301,4783
301,1012
302,6048
302,2520
303,3689
303,6357
303,9397
303,7009
304,13529
304,8295
305,3070
305,6560
305,6006
306,13271
306,9257
306,13625
307,12242
307,13970
308,9215
309,7414
310,5867
311,7374
311,935
311,310
312,5999
313,12696
313,14766
313,3217
314,5185
314,4553
314,13792
314,10634
315,13567
317,13686
318,4363
318,1022
318,6725
318,12077
319,6852
319,9517
320,14690
320,9334
320,2985
321,919
321,12659
322,4359
322,13849
322,9058
325,4558
325,5551
325,8545
326,1865
327,5938
327,14
327,12633
327,14593
328,2495
328,3666
329,11827
329,13951
329,11207
330,2423
331,3203
331,8236
333,8058
333,8345
334,8832
335,9479
337,12359
338,5855
338,1707
338,14496
338,8332
339,6689
340,10245
340,13912
341,5403
341,4111
341,9599
342,8125
342,6877
343,10410
343,11439
344,2126
345,1842
345,5658
346,8445
346,9424
347,12902
350,12703
350,4335
350,7461
350,5057
351,13500
351,7721
352,2004
352,11069
352,2830
352,1487
354,246
354,2099
354,4804
354,1264
355,578
355,5516
355,12173
355,13727
356,3073
356,1283
357,7469
357,14142
357,12198
357,1999
358,8646
358,2158
358,13713
359,9601
360,3175
360,5799
361,7658
361,954
362,11927
363,7241
363,12431
364,3484
366,8683
366,14308
367,10917
367,297
367,4116
368,5635
369,9980
369,2484
369,12712
369,8368
370,7351
370,10625
370,14178
371,6592
371,7204
371,345
372,8447
372,1708
373,6618
373,10213
373,2829
373,2929
375,28
376,11021
377,3706
378,4176
379,4650
381,9640
381,13848
383,7047
383,14397
383,3424
383,2734
384,11344
384,3604
384,7974
384,6188
385,2264
385,12197
385,14131
385,3127
386,8090
387,4740
387,12785
388,2184
388,6827
389,1639
389,9017
390,10544
390,7
391,4187
391,7304
391,278
391,1693
392,9976
392,480
392,6784
393,3556
393,10536
394,3387
396,7190
396,3549
396,7569
396,4058
397,10207
398,192
398,2421
400,5719
402,9328
403,13788
403,9653
403,469
404,5077
404,4223
404,13474
405,5234
405,6297
405,3301
405,9884
406,12694
406,5496
406,14235
406,10033
408,7168
409,14447
410,5749
410,12588
411,2849
411,10654
412,6522
413,374
413,4946
414,5786
414,6381
414,2419
414,2038
415,3622
416,7664
416,6334
416,1028
418,4736
418,4072
418,8772
418,10669
419,939
420,8344
421,6103
421,13598
421,12829
421,12545
422,3458
423,738
423,8876
423,9741
423,8121
424,11096
424,486
424,8739
424,11203
425,1385
425,1710
425,3620
426,12983
426,6144
426,7546
426,5997
427,7511
428,7144
429,2019
429,6
430,12255
430,11073
431,9109
431,10847
433,14660
433,2618
434,13455
435,13309
435,5053
435,11635
436,12024
436,7499
436,423
436,6024
437,6738
437,4574
437,12999
438,9227
438,7696
439,10963
439,7481
439,881
439,2423
440,8491
440,4063
441,2982
441,8610
441,2703
442,2129
443,12292
443,6705
443,11252
444,3639
444,6241
444,845
445,11132
445,13238
445,11342
445,9821
447,11945
447,26
447,1872
448,1578
448,463
448,12801
448,9489
449,5373
449,3592
449,3412
449,5996
450,13572
451,480
451,10610
451,12725
451,4613
453,7532
453,2229
455,7282
455,6012
456,4700
456,4639
456,10184
458,11512
459,10404
460,11789
460,6773
460,7861
460,5479
461,2573
461,13943
461,4947
462,13726
462,1250
462,4136
462,9895
463,8392
463,2878
465,6598
465,6883
467,9466
467,9241
467,135
467,14982
468,13553
468,1277
469,13494
472,4737
472,14219
472,4638
473,348
474,8100
474,12306
474,11578
476,9008
476,572
476,6511
476,12641
477,2066
478,644
478,9345
478,4495
480,7900
483,12599
484,14142
485,6647
486,6602
486,8877
489,9276
489,10163
489,7945
489,880
490,5197
490,5360
491,8485
491,10923
491,11886
491,2636
492,11287
493,1783
493,1607
494,4902
494,7745
495,5988
495,6778
495,12540
495,14154
496,1861
497,5969
497,8508
499,10163
499,3609
499,6293
499,2058
501,7464
501,10637
501,14757
502,8801
502,3522
502,10460
502,1503
503,8199
504,6229
504,12217
504,1124
504,2252
505,8583
506,2993
506,13076
506,441
506,7980
508,765
509,3468
509,9305
511,13036
511,6809
511,14964
512,6187
513,13983
515,8924
515,10306
518,14252
518,2535
518,10407
519,2074
519,10050
519,14457
520,9835
520,4172
520,92
521,3710
521,11108
522,12768
522,14493
523,12142
523,4531
523,10249
525,1645
526,11788
526,7431
527,9554
528,11133
528,8153
529,7386
529,5433
529,12289
529,9623
530,4307
530,4728
531,13356
533,8227
533,13037
533,12879
534,4412
534,5440
534,6183
534,14570
535,3697
535,2910
536,3876
536,13242
537,6171
537,8966
540,2085
540,12471
540,2784
540,4612
541,12839
542,4148
542,4170
543,10350
543,7274
543,13741
544,47
545,1962
545,9387
546,1432
547,9310
547,7302
547,11266
548,13168
548,12771
548,6253
548,9552
549,897
549,5275
550,8208
550,8786
550,5480
552,3032
552,1238
552,1067
553,11069
554,2532
555,4472
555,14806
555,7261
555,8002
556,14669
556,11245
557,11687
557,14847
557,11919
558,11671
558,11497
558,3339
559,226
559,10943
560,4376
560,12746
561,5680
561,1310
561,3452
562,11654
562,9508
562,5320
563,4815
564,7252
564,12863
564,7620
565,2684
565,8835
566,12474
566,13869
567,8957
567,14332
568,1553
568,8231
568,12194
569,8003
569,3557
570,2624
570,11510
570,12212
571,1855
571,2527
571,357
571,12
572,5881
572,14517
572,3911
572,9252
573,380
573,4318
573,8639
574,2168
574,14619
574,14064
574,10932
575,8949
575,11430
575,2078
576,8238
576,12953
576,3888
577,4184
577,14427
577,7590
577,8438
578,6193
578,5937
578,1459
578,7078
579,5658
579,977
579,4798
583,717
583,13519
584,5471
585,2253
586,1140
586,1651
586,3678
586,825
588,4820
588,5616
588,6907
588,9172
589,2978
589,10333
590,9540
590,9714
590,11848
590,11044
591,4962
591,602
591,3814
591,7499
592,9800
592,4828
593,10830
593,8382
593,3940
595,14369
596,293
596,1355
597,13041
597,1493
597,4669
598,895
599,14731
600,3670
601,10330
601,7157
601,11827
601,4884
602,2245
602,7857
603,6372
604,4151
604,3161
605,5442
605,2536
605,1158
605,10660
608,7572
609,12135
612,1349
612,5893
613,9534
614,9616
614,5453
614,14817
616,10971
616,11785
616,6964
617,12477
617,8115
617,11676
617,8650
618,10910
618,14565
618,10418
620,14111
620,2905
621,1148
621,9158
621,3968
622,11172
624,2716
624,2190
624,4591
625,2010
625,577
625,5238
626,11449
626,4571
626,5342
626,6939
627,4837
627,14462
627,7343
628,13823
628,4472
628,10129
630,10964
630,7922
630,2598
630,11610
631,6137
631,6157
631,1668
631,660
632,5971
632,6267
633,12668
633,2629
634,289
634,2979
634,14760
635,6921
635,3268
635,4599
635,7712
636,12151
636,11900
636,10550
636,4834
637,4785
637,7513
638,9512
638,4647
638,11225
638,10677
639,3114
639,2955
639,4854
640,3007
640,10578
640,4822
641,11641
641,12606
641,4729
641,11116
643,8503
643,9815
643,8127
644,2298
644,3234
644,5682
646,6727
646,3616
646,8675
646,5544
647,4272
647,5219
648,3208
648,5060
648,14642
648,12053
649,10693
649,7879
649,5019
649,217
653,5435
653,11990
653,4797
654,10016
654,3453
654,13248
655,4395
655,11314
656,10405
656,5907
657,12118
657,10920
657,8397
657,3230
658,9844
658,10115
658,9108
658,13360
659,10772
660,3010
660,5690
660,6636
661,9150
661,14813
661,3753
661,557
663,3372
663,5436
664,14837
664,6464
664,4362
665,13944
665,12613
665,9437
666,12463
666,2144
666,7453
666,9839
667,243
667,4350
668,12327
668,9151
669,10666
670,10756
671,6325
671,9989
671,9031
672,11333
672,1765
673,14475
674,12220
674,14998
674,2740
675,2641
676,13592
676,971
677,10585
677,925
677,4763
678,13744
679,8418
679,7198
679,9949
679,6311
680,12293
680,163
680,7690
680,10285
682,3538
682,8503
683,14251
683,566
683,9521
686,7521
686,10858
686,4482
687,4835
688,3116
688,6946
688,13408
688,2366
689,4817
690,11565
690,13134
690,6840
691,9232
691,8791
691,4309
692,2988
692,8081
692,8318
693,11166
693,6300
694,12003
694,8759
694,3852
694,1629
695,14119
695,13563
695,8105
696,4490
696,648
696,13694
696,621
697,14064
697,5416
698,9947
699,4263
699,1822
699,4566
699,1168
700,7687
700,6082
700,8947
700,2422
701,201
701,292
702,6954
702,8417
702,10244
704,4415
704,5830
704,10274
705,14997
708,1148
708,12102
708,14234
708,6719
710,2458
712,6119
712,8938
713,1498
713,6127
713,4218
714,12968
715,4120
716,6397
716,4157
716,253
717,11298
717,14661
717,8918
717,10860
719,13810
719,7374
719,1641
719,6868
720,12769
720,12776
720,10999
721,7919
721,11229
722,6318
722,9569
722,7924
722,8954
724,14125
725,1217
726,3891
726,5372
728,9312
728,13941
728,14974
728,6149
729,8162
729,10147
729,8052
731,10780
732,1655
734,8182
734,6030
735,12961
735,9163
735,709
736,7585
738,12876
738,791
738,6124
741,11491
741,12526
742,10347
743,9799
744,3447
744,7692
744,11214
744,11516
745,12928
747,6858
748,3378
748,10091
749,478
749,10105
749,13087
749,12588
750,4301
750,13002
750,2230
750,2014
751,13288
751,5530
751,11117
752,12509
753,9932
753,8367
753,12104
753,10570
754,11955
755,1455
755,4176
755,12126
756,10837
756,2417
756,10761
756,5710
757,2540
758,11763
758,11490
759,8937
760,3276
762,689
762,13081
762,13964
764,8531
764,3400
764,4753
764,11690
765,1953
765,14598
765,233
766,10107
766,8279
767,3779
767,12272
767,4123
767,4768
768,5574
768,14363
769,9372
769,1021
769,5138
769,4213
770,11237
770,9873
770,6327
771,9820
771,1103
771,8718
772,13672
772,10632
772,3711
772,11109
774,13048
774,13051
775,3017
776,12762
776,9095
777,2622
778,11258
779,11388
779,6199
780,13335
780,3816
780,6774
781,3855
781,10926
781,9933
781,4655
782,8584
782,9770
782,9537
783,6868
784,12358
784,14643
784,966
784,14332
785,8857
785,7713
785,12481
786,2993
786,10450
786,2491
786,6270
787,13045
787,13492
787,5942
787,13250
788,5228
788,7858
791,2391
791,8659
793,5261
793,6615
793,13126
794,1762
794,12273
794,3504
794,4763
795,960
795,12308
795,4849
797,12935
797,2015
797,14865
798,4141
798,6592
801,12178
804,10022
804,10575
804,1852
805,2346
805,4431
805,5439
805,3391
806,4336
807,366
807,3407
807,8573
808,11483
810,3711
811,11287
812,11657
813,10221
813,5111
816,14595
816,3288
816,5243
817,7451
817,3925
817,6902
818,12796
818,2278
818,13401
819,9089
820,6381
821,3098
821,13105
821,14873
821,9792
822,10795
823,7079
823,13181
823,1414
824,7955
825,12551
826,7891
826,10009
826,373
826,10563
827,3491
828,2971
829,13309
830,5411
830,10458
830,2630
830,6590
832,8414
832,12871
832,14285
832,345
833,14069
834,1113
834,8995
834,6255
834,9723
836,3075
836,4607
836,1291
836,6766
837,8506
837,5467
837,14503
840,11190
841,12827
841,2139
842,10585
842,2094
845,4806
845,8556
846,11698
847,10007
847,9115
847,2852
848,12784
849,5026
849,10983
849,744
849,12392
850,8430
851,12350
851,5131
851,8462
851,14805
852,5414
852,13073
852,7733
853,14169
853,4353
853,3171
853,2980
854,6800
854,12796
855,14642
855,3912
855,9975
856,12505
856,5861
856,6149
857,6258
858,12601
858,12927
858,13966
859,7441
859,3790
859,1167
859,891
862,10155
863,9312
863,14391
863,10799
863,10166
864,11948
864,1329
864,13805
865,14103
865,4724
866,10161
866,2976
866,12607
867,1036
867,6157
867,10417
867,10944
869,7611
870,14576
870,2402
872,14091
872,14867
874,8744
874,12184
876,7413
876,2891
877,8293
878,6489
878,10492
879,2663
879,10046
879,2948
879,12647
881,2391
881,6272
883,8659
883,6867
884,1413
884,5070
884,11739
884,5609
885,12651
885,10359
885,1104
886,3125
888,11560
888,2888
889,1153
890,5971
890,5007
890,9863
890,2311
891,2475
891,3118
894,14191
894,8103
894,14162
896,3804
896,356
896,8744
897,2566
897,5590
897,10476
897,7957
898,13190
899,8353
899,11954
900,1435
900,12534
900,8791
901,12166
901,7018
903,604
904,3041
906,14585
906,3060
906,6400
906,8981
907,10378
907,14799
907,8080
908,9153
908,11291
908,1078
908,3096
909,2068
909,13195
909,7060
910,14459
911,9886
911,13873
911,9549
912,6873
912,2173
912,10480
912,489
913,13347
914,12685
914,3766
914,13842
914,3438
917,10682
917,12623
917,1706
918,10363
918,9177
918,12350
919,10373
919,11384
919,6528
919,3876
920,10950
921,13585
923,11870
923,1016
923,6095
923,2909
924,10862
924,10252
924,1656
924,7515
925,13075
925,13661
925,3658
925,8524
926,9848
927,8471
928,10275
929,8779
929,9512
929,9464
930,12795
931,11875
932,2798
932,3082
933,8206
933,13534
933,13000
933,8130
935,10655
936,251
936,11887
936,1260
936,8403
938,7888
938,14857
939,1903
939,863
939,2560
940,4694
940,9770
941,13211
941,4056
941,8562
941,3951
942,10393
942,601
943,3921
944,9318
944,2354
944,2479
944,14
945,3487
945,7012
946,5951
946,9473
947,6056
947,7118
948,5408
948,9550
948,12822
948,12801
949,1752
950,10612
951,13774
951,6977
951,8579
953,5045
953,13367
954,5456
954,3201
958,7958
958,5776
958,12363
959,13682
959,6001
959,8578
959,13075
960,1654
960,1741
960,12997
960,2647
961,627
961,6122
961,412
962,10543
962,12380
962,10292
962,5630
963,12916
963,14098
964,1293
964,8642
964,3126
964,9813
966,12594
966,8887
966,1502
966,7288
967,13659
967,9879
968,5801
968,9089
968,5996
968,2670
969,14178
969,1251
969,6043
969,4961
970,13787
970,7850
970,10818
971,11327
971,8806
971,4837
973,6347
974,14698
976,13519
976,12937
978,10159
978,9620
979,3928
980,1334
981,5654
981,1922
982,5479
982,5756
983,6532
983,10201
984,7137
986,12498
987,8271
988,3667
989,11378
990,2782
990,14569
991,11115
991,2493
991,11776
991,2908
992,14247
992,3416
993,2572
993,1459
993,11492
993,3455
994,9334
994,14547
995,6276
995,12899
996,11151
997,5409
997,6983
997,14503
997,1106
998,6969
1000,12114
1000,2456
1000,8319
1001,7146
1001,842
1002,12225
1002,4914
1002,7082
1002,11304
1003,11131
1003,3085
1003,2444
1005,7568
1009,14328
1009,6826
1009,9476
1009,8940
1010,5009
1010,7914
1011,8435
1011,4138
1012,693
1012,13058
1012,6704
1013,6726
1013,5834
1013,14282
1013,8109
1014,1043
1015,4205
1015,344
1015,6085
1016,14602
1016,10567
1016,8163
1017,10659
1017,5842
1017,1565
1018,6457
1018,7648
1018,8799
1018,3761
1019,11688
1019,6451
1019,10443
1021,7800
1021,8598
1021,12019
1023,1930
1023,8948
1023,1025
1023,6268
1024,8631
1024,6107
1024,12948
1024,4472
1025,6469
1025,10066
1026,1739
1028,10316
1028,10446
1028,744
1028,11371
1029,11780
1029,8557
1029,7214
1030,4501
1030,6687
1031,11099
1031,12509
1031,9751
1031,6291
1033,8838
1033,14481
1033,434
1033,9060
1034,1487
1034,14427
1034,633
1034,5278
1035,13940
1036,4941
1036,11779
1037,9292
1038,3396
1038,2781
1040,13055
1040,3138
1041,5484
1041,1857
1041,5860
1042,8078
1042,10188
1042,13321
1043,1855
1044,14805
1044,2994
1044,11971
1044,4489
1045,1775
1046,11832
1047,2689
1047,3150
1048,13017
1048,14469
1048,10169
1049,5475
1049,8604
1049,6637
1049,12366
1050,148
1050,6186
1050,3870
1051,10459
1051,12813
1051,11936
1051,7471
1052,8254
1052,7962
1052,3955
1053,1927
1053,3597
1054,14529
1055,6283
1055,13513
1055,5784
1056,1407
1057,1451
1057,12707
1057,13401
1058,14482
1060,7438
1060,13372
1060,326
1061,13584
1061,7566
1063,8893
1063,13111
1065,464
1065,3229
1065,11878
1066,2034
1066,3164
1066,1828
1066,233
1067,4418
1069,10967
1069,13898
1069,6795
1069,3923
1070,10113
1070,2074
1070,3943
1071,13500
1071,6900
1071,672
1072,6737
1072,8694
1072,3734
1072,3530
1073,6227
1073,3216
1073,11891
1073,9265
1074,6739
1074,5279
1074,5754
1074,10790
1075,8479
1075,13349
1075,10298
1075,13996
1076,6760
1076,12128
1076,5058
1076,10374
1078,5879
1078,3288
1078,12717
1078,12431
1079,8663
1079,5681
1080,12207
1081,1010
1081,1389
1081,10370
1083,12657
1083,190
1083,10537
1084,6721
1084,5643
1084,685
1085,7566
1086,8041
1086,4317
1087,6457
1088,3200
1088,1331
1088,12257
1088,5919
1090,14882
1090,12461
1091,10786
1093,12160
1093,4810
1093,14267
1094,10133
1094,6313
1094,7751
1096,2749
1097,7826
1097,12083
1097,11694
1098,12995
1098,28
1098,1320
1100,6149
1101,14272
1102,1161
1102,13455
1102,4705
1103,5144
1104,10567
1104,2650
1105,7222
1106,13732
1106,12984
1106,10543
1106,12738
1107,7890
1107,1664
1108,6854
1108,11627
1108,968
1109,14618
1109,3814
1109,8786
1111,12597
1111,10288
1111,3595
1112,10326
1113,10931
1113,8700
1113,7208
1114,2098
1114,5636
1115,8682
1116,8891
1116,10444
1116,10179
1116,13963
1118,12538
1119,7674
1120,1109
1120,14079
1120,5317
1120,4952
1121,7587
1121,552
1121,14689
1122,7777
1122,1724
1122,13746
1122,10315
1123,5479
1123,5650
1124,4026
1125,5016
1125,8229
1125,14695
1126,11406
1126,6578
1126,4616
1127,496
1127,9109
1128,14966
1128,14184
1128,13051
1128,1084
1129,2991
1129,614
1129,10888
1129,1763
1130,12773
1130,5042
1130,1178
1131,3804
1131,14866
1131,6435
1131,5958
1132,1744
1132,3180
1132,8342
1132,12361
1133,5842
1133,3978
1133,10675
1134,7787
1136,12839
1136,7207
1136,6197
1138,7636
1138,2754
1139,12449
1139,5620
1139,5066
1141,4805
1141,13727
1141,11484
1142,3848
1142,7017
1142,9190
1142,13436
1143,13512
1143,2882
1143,12513
1145,12842
1145,13924
1145,11128
1145,94
1146,5022
1146,12237
1146,2939
1147,3145
1147,8492
1147,5232
1151,6275
1151,11706
1151,11125
1154,4738
1155,9766
1155,12104
1155,6220
1155,5055
1157,7114
1157,12699
1157,14637
1157,13741
1158,6022
1158,4526
1159,6307
1159,9215
1159,4129
1159,14659
1160,4057
1160,3913
1160,14598
1160,8770
1161,5784
1161,14867
1161,5904
1162,4016
1162,4424
1163,5428
1163,2358
1164,14610
1167,6844
1167,7907
1167,7955
1169,5008
1170,1825
1170,9373
1170,12174
1171,12549
1171,4514
1171,13186
1172,2350
1172,9235
1172,7852
1174,1994
1176,4863
1176,5721
1176,11779
1177,12824
1179,2780
1179,3263
1179,3526
1179,656
1180,3534
1180,12935
1180,5227
1181,12867
1181,6261
1181,6135
1182,1027
1182,5522
1182,3230
1182,10903
1183,8518
1183,2873
1184,1243
1184,575
1185,7511
1185,8100
1185,602
1185,13323
1188,12529
1188,10925
1188,4408
1188,6357
1189,4895
1189,7567
1190,4341
1190,12494
1193,724
1193,13588
1195,1151
1195,8136
1195,2487
1196,3064
1197,11742
1197,9919
1197,883
1197,14459
1199,2947
1199,11532
1199,7982
1200,14183
1200,4914
1200,5050
1201,1002
1201,8622
1201,12218
1201,7919
1202,13206
1202,8857
1202,2011
1203,14725
1203,2037
1204,14245
1204,13294
1205,8465
1206,7988
1206,3406
1207,6137
1207,5627
1207,1435
1208,8318
1208,10365
1208,3267
1214,9326
1216,14766
1216,14632
1217,6219
1218,99
1218,1497
1220,14881
1220,6081
1222,360
1222,10419
1223,4156
1223,14593
1223,10005
1223,1204
1224,3252
1224,4631
1224,14284
1226,9139
1226,7276
1226,2441
1226,1612
1227,10923
1227,12387
1229,4584
1229,7478
1229,9944
1230,8169
1230,11495
1231,10320
1232,13675
1233,14713
1234,12280
1237,2988
1237,5294
1238,2796
1239,6532
1239,3050
1239,14677
1240,4337
1241,4448
1241,680
1241,9147
1241,12571
1244,12615
1244,13062
1244,3404
1244,13750
1245,11787
1246,8005
1246,2301
1246,1953
1246,2543
1247,3461
1247,13390
1248,2096
1251,3814
1253,11065
1253,3359
1253,10740
1253,13778
1254,1531
1254,12111
1255,521
1255,13412
1255,1014
1257,5664
1257,2544
1258,7038
1258,11668
1258,8139
1258,1990
1259,11677
1259,3464
1259,4041
1260,336
1260,13099
1260,4414
1260,2898
1261,1079
1261,4102
1261,12829
1261,14769
1262,2498
1262,4848
1262,8467
1262,9440
1263,2270
1263,13945
1264,420
1266,13241
1266,8383
1266,10525
1268,8176
1268,8444
1268,1712
1268,1679
1269,3045
1269,4349
1269,2459
1269,1795
1270,6540
1272,2893
1273,6231
1274,13737
1274,8795
1274,7101
1275,6728
1275,14324
1276,7841
1277,1910
1277,12670
1278,10821
1278,9307
1278,5223
1278,1844
1279,7645
1279,14464
1282,3575
1284,14267
1285,10521
1285,9588
1285,12129
1286,5759
1286,6430
1287,6456
1287,3374
1287,10422
1288,14694
1288,12297
1288,11920
1289,3337
1290,5387
1290,924
1290,11877
1290,4002
1291,1771
1294,12322
1294,9089
1294,6237
1295,6624
1295,5186
1295,6809
1296,4204
1296,10469
1296,13444
1296,4558
1297,4434
1297,4554
1297,733
1298,7753
1298,8564
1298,2738
1298,14945
1299,13533
1299,9687
1299,14291
1300,10888
1300,13976
1300,14573
1300,14558
1301,6214
1301,12899
1301,6762
1301,12182
1302,8534
1302,1479
1302,8748
1302,7967
1303,8586
1303,7627
1305,7339
1307,8370
1307,429
1308,5021
1308,6510
1308,442
1308,6450
1309,376
1309,5840
1309,8072
1309,5025
1310,4974
1312,1371
1312,13449
1313,4893
1313,14389
1313,3244
1313,1217
1314,2701
1314,3301
1314,459
1314,6960
1315,10963
1315,2017
1317,12896
1317,11410
1317,14525
1317,2999
1318,12850
1319,11633
1319,13131
1320,11828
1320,14291
1320,4301
1323,10794
1323,4728
1323,5988
1323,500
1324,13078
1324,12429
1325,10581
1325,12289
1327,1683
1328,1947
1329,7827
1329,8632
1330,9406
1331,10744
1331,4379
1332,11017
1334,4285
1335,14619
1335,1576
1335,10343
1335,5471
1336,12777
1336,12714
1336,9974
1336,9153
1337,13641
1337,14472
1338,13231
1338,7419
1340,14314
1343,14207
1343,5389
1343,7404
1343,6716
1345,3811
1345,984
1346,496
1346,13124
1347,10208
1347,356
1347,6599
1349,54
1350,1266
1354,5857
1354,12705
1354,14934
1355,5857
1355,3673
1355,8804
1355,14316
1356,13100
1356,9669
1356,2250
1357,6853
1357,6768
1358,11211
1358,11619
1358,9378
1359,8683
1359,5625
1360,14545
1360,709
1361,14938
1362,5058
1362,1185
1362,4523
1362,13462
1363,12843
1363,3858
1363,10997
1364,13580
1364,11770
1364,12672
1365,7325
1366,5651
1366,12334
1366,12894
1366,3775
1367,13596
1368,5293
1368,1585
1368,2063
1368,13254
1369,969
1369,8304
1370,5028
1370,7764
1371,10359
1371,6982
1371,1297
1371,346
1372,14137
1375,10885
1375,1292
1375,6679
1376,3324
1376,3818
1376,9718
1376,6136
1380,7557
1380,14995
1380,7724
1380,11920
1381,13490
1381,11296
1382,4901
1385,1671
1385,12561
1385,767
1386,7141
1386,9945
1387,8090
1387,5089
1387,5457
1387,1453
1388,14402
1388,13529
1389,1047
1390,13304
1390,4769
1390,8476
1390,6545
1391,11325
1393,3103
1393,11199
1395,14681
1395,12999
1395,9708
1395,14544
1396,3552
1396,1326
1396,4082
1397,9997
1397,985
1397,8323
1399,12812
1399,5287
1399,10809
1400,122
1400,6078
1400,13173
1400,5769
1401,8547
1401,7183
1401,14950
1401,6990
1402,10624
1402,13817
1402,9592
1402,790
1403,9710
1403,587
1403,14276
1403,10691
1404,10327
1405,9161
1406,11282
1406,5054
1406,6931
1406,14188
1407,480
1407,986
1407,4371
1407,11994
1409,7981
1410,13469
1410,888
1410,14968
1412,9362
1414,7854
1414,9885
1414,1610
1414,1052
1415,13842
1415,9926
1416,220
1416,1044
1416,9975
1416,10532
1417,6510
1418,4637
1418,9106
1418,13074
1419,215
1419,12468
1420,5726
1421,9825
1421,10401
1421,2043
1422,10105
1423,12994
1423,903
1423,12125
1423,9391
1425,8860
1425,6076
1426,7884
1427,12377
1427,13598
1429,13722
1429,10725
1429,5765
1429,5175
1430,8975
1430,14709
1430,11249
1430,3843
1431,5912
1431,11643
1431,7742
1431,3773
1432,4095
1432,1098
1432,7238
1433,10643
1434,7885
1435,11159
1437,13866
1437,6185
1437,12243
1437,5834
1438,2314
1438,11831
1439,10246
1440,13469
1440,11913
1442,1518
1442,14119
1443,2514
1444,5240
1444,14516
1444,13722
1445,7028
1445,12867
1445,13728
1447,281
1447,5996
1447,8167
1448,12014
1450,3712
1450,8308
1450,1810
1450,5931
1451,5047
1451,14075
1451,11462
1451,8949
1453,10811
1453,8258
1454,9940
1454,11812
1454,9420
1455,7130
1455,5106
1455,10510
1455,679
1456,9152
1456,8366
1457,11246
1457,4646
1457,2704
1458,11838
1458,7526
1458,12863
1459,133
1459,13989
1459,1809
1459,8869
1460,9654
1461,4307
1461,4724
1462,10286
1463,7526
1464,12110
1464,10390
1465,3256
1467,1313
1467,13299
1467,12821
1467,4144
1468,5815
1468,1658
1468,12108
1468,8027
1471,14964
1471,6502
1471,2485
1472,1167
1472,4294
1472,13521
1474,14211
1474,8122
1475,4229
1475,8762
1475,2675
1475,383
1476,13308
1476,1235
1477,5263
1477,5800
1477,840
1477,8879
1478,3584
1478,1419
1478,1728
1478,14879
1480,6215
1480,1532
1482,14379
1483,4945
1483,10977
1483,12902
1483,8715
1484,506
1485,1529
1485,4500
1485,8379
1485,10035
1487,13017
1487,9542
1487,7131
1489,10841
1489,8059
1490,2463
1490,14891
1490,8964
1490,13036
1491,3809
1493,7061
1493,14224
1493,10116
1494,13369
1495,3009
1495,1893
1496,128
1496,14040
1496,1148
1496,2916
1498,12009
1498,13165
1498,393
1498,1636
1499,351
1499,3939
1499,9826
1499,14912
1500,1065
1500,1198
1501,10759
1501,1668
1501,13729
1501,10274
1502,11256
1502,10476
1502,9399
1502,1999
1503,5348
1504,6528
1505,4092
1505,13645
1505,13831
1505,3544
1507,3780
1507,5185
1507,11171
1508,12235
1508,11427
1508,4544
1508,12371
1509,12860
1509,2191
1509,4762
1511,6116
1512,5253
1512,6551
1513,7957
1513,13344
1513,14599
1514,5676
1514,3341
1514,1506
1514,5291
1515,10759
1515,3327
1515,4534
1515,5556
1516,13277
1516,8906
1517,6043
1517,7019
1518,12278
1518,13173
1518,2431
1518,4383
1519,8185
1519,7339
1520,1979
1520,10741
1520,14358
1522,6632
1522,6367
1522,5108
1523,6840
1523,5374
1523,7047
1523,12227
1524,14136
1524,2142
1525,2521
1525,10357
1525,6177
1526,8388
1526,8868
1527,13044
1527,10843
1527,2293
1527,5030
1528,947
1528,3782
1528,14225
1528,8935
1529,472
1529,13375
1529,7825
1529,6358
1531,5568
1531,2413
1531,5553
1532,13157
1532,14310
1533,3011
1534,7124
1535,9727
1536,7848
1536,8610
1536,3253
1536,8410
1537,11953
1537,13978
1539,13606
1540,5296
1540,6698
1541,1294
1542,11609
1542,3410
1542,1266
1543,11475
1543,655
1543,4657
1543,14389
1544,7289
1544,13798
1544,14616
1545,216
1545,8278
1545,10198
1545,9481
1546,13380
1546,11964
1546,9743
1546,11966
1547,8019
1547,750
1547,7621
1549,5282
1549,1464
1550,7973
1552,7642
1552,7298
1552,14880
1553,10960
1554,4579
1554,6081
1554,2478
1554,8642
1555,7431
1557,9246
1558,8599
1561,9143
1561,14153
1561,10092
1561,13416
1562,13239
1562,8828
1563,10384
1564,3454
1566,2160
1566,5228
1567,2372
1567,6598
1567,2497
1567,13776
1571,7970
1572,13087
1572,12081
1572,6492
1572,1897
1573,1534
1574,3188
1574,4374
1574,1662
1574,5564
1575,14244
1576,14079
1576,14791
1576,11315
1577,6368
1581,1122
1581,8632
1581,9336
1582,13219
1582,14028
1583,11672
1584,4891
1585,164
1586,2829
1586,42
1587,14262
1587,8692
1587,5062
1588,3535
1588,2023
1588,13876
1588,8978
1590,6008
1590,5982
1590,13888
1590,2476
1591,11184
1591,12450
1591,804
1592,5958
1592,12258
1593,9945
1593,8157
1593,10388
1593,14903
1594,6707
1594,4406
1597,14547
1597,8161
1598,3472
1598,3990
1598,839
1599,3430
1599,7743
1600,3257
1600,9293
1602,5124
1602,4409
1603,10137
1603,561
1604,9255
1604,2336
1604,9204
1604,12813
1605,8748
1605,11998
1606,6893
1606,11544
1606,4540
1609,12930
1610,10924
1611,11975
1611,1928
1612,12403
1613,5440
1614,3745
1614,6180
1614,8953
1615,6905
1617,12353
1617,8364
1619,8465
1620,4856
1620,13859
1620,14870
1620,11186
1621,9088
1621,4860
1623,3493
1623,11611
1623,14200
1624,5438
1624,1775
1625,14743
1625,11956
1625,8072
1625,13235
1626,7759
1626,469
1626,3318
1626,3520
1627,3015
1628,2210
1628,2215
1628,723
1628,6882
1630,12163
1630,11294
1630,14242
1630,9214
1631,14274
1631,8502
1631,10428
1631,9132
1633,9455
1633,1033
1633,1018
1634,11723
1635,7249
1635,5823
1635,12884
1635,3236
1636,11758
1636,12389
1636,13140
1636,2521
1637,1013
1637,6534
1637,3383
1638,5715
1638,5168
1639,4791
1641,14172
1641,12401
1641,2956
1641,12535
1642,14439
1642,8497
1642,6563
1642,8748
1643,5652
1643,4152
1643,3479
1644,4284
1646,2961
1646,7165
1646,4166
1647,1535
1648,9197
1648,13876
1648,4546
1648,14809
1651,14397
1651,13366
1651,6808
1651,14707
1652,3167
1652,14489
1652,12534
1653,4816
1653,12093
1654,1503
1655,9404
1656,762
1660,5051
1660,12399
1660,2425
1661,4894
1662,3121
1662,4121
1662,10374
1662,10017
1663,5786
1663,828
1663,3640
1664,12812
1664,7625
1669,5814
1670,9021
1670,14351
1670,14655
1671,784
1671,14698
1671,10745
1672,5557
1672,10739
1673,3776
1673,7181
1674,3980
1674,7467
1674,2057
1674,8886
1675,3656
1675,5961
1675,10988
1676,6645
1676,957
1677,4253
1677,11420
1677,1873
1678,1085
1678,861
1678,7237
1678,5230
1679,964
1680,1890
1680,13303
1680,6652
1680,7991
1681,7581
1683,4214
1683,10165
1683,5247
1683,10689
1684,11583
1684,13487
1685,11734
1685,11507
1686,2196
1686,5527
1686,396
1687,7390
1687,5957
1688,5967
1688,2034
1688,5034
1688,4486
1689,14032
1689,2715
1689,5844
1690,13798
1691,12957
1691,3655
1691,5494
1691,13565
1693,8908
1696,7577
1696,8563
1696,14195
1697,13213
1699,673
1700,8879
1700,9226
1702,14893
1702,334
1702,5592
1703,9433
1703,14133
1703,1608
1703,3118
1704,13056
1705,12786
1706,10087
1706,1639
1707,8256
1707,10084
1707,7757
1708,2185
1708,8039
1709,2278
1710,6698
1710,11599
1710,5894
1712,3412
1712,1350
1712,597
1712,2256
1713,1952
1713,1474
1714,10767
1714,143
1714,6357
1714,8656
1715,3408
1715,7844
1716,4163
1717,8819
1718,11300
1718,8709
1718,12109
1718,14669
1719,4390
1719,5064
1719,10219
1720,256
1720,9222
1721,7670
1721,13743
1722,7154
1723,9633
1723,7970
1723,14944
1723,14872
1724,276
1724,13154
1724,1157
1724,5177
1725,3920
1725,2721
1725,655
1725,1310
1726,9575
1726,13568
1726,1347
1726,12825
1727,5903
1727,9883
1727,2269
1727,10079
1728,9616
1728,2939
1728,5868
1728,14293
1730,553
1731,13292
1731,10730
1732,5867
1732,946
1733,1849
1733,11364
1733,12397
1733,265
1734,5562
1734,10612
1734,14225
1734,12533
1735,2212
1735,5556
1735,5952
1735,14314
1736,13472
1736,917
1736,6259
1736,40
1737,4992
1737,11488
1737,10238
1737,4406
1738,6200
1739,10025
1739,14486
1740,10113
1740,8688
1740,1360
1741,9104
1741,1649
1741,7295
1742,10198
1743,13096
1743,317
1745,13363
1745,2312
1745,9746
1746,3541
1746,986
1746,12836
1747,1795
1748,12869
1748,8225
1748,11475
1748,11285
1750,215
1750,8852
1750,6751
1751,13321
1751,3869
1752,6720
1752,14725
1753,11066
1753,8144
1754,7799
1754,5562
1755,626
1755,6282
1755,2077
1755,3147
1757,9825
1757,489
1758,10248
1758,4680
1758,3006
1758,10521
1759,8608
1760,11062
1760,11774
1760,14562
1760,3234
1761,5777
1761,8193
1761,10177
1762,12826
1762,12135
1763,3399
1763,1180
1765,14422
1765,6456
1766,583
1767,2619
1767,386
1768,4638
1768,8867
1768,3615
1768,9038
1769,2255
1769,1448
1770,9990
1770,3385
1770,11500
1770,13525
1771,14542
1771,7843
1772,11922
1773,582
1773,10310
1773,14715
1773,10208
1775,5503
1775,2571
1775,5249
1775,7317
1776,6568
1776,9468
1776,155
1777,4526
1777,411
1777,10272
1777,13093
1779,1525
1779,1199
1779,9013
1780,14789
1780,9366
1780,7502
1781,5223
1781,12290
1782,12721
1784,633
1784,14658
1784,8176
1784,11714
1786,6737
1786,14366
1787,7600
1787,10777
1788,9824
1788,2861
1788,8582
1788,13459
1789,4202
1789,698
1789,2383
1789,11585
1791,6956
1791,937
1791,4819
1792,14832
1792,6190
1792,3932
1792,6093
1793,2048
1794,3780
1794,2675
1795,8435
1795,2396
1795,7099
1795,12159
1796,4988
1796,7657
1796,14200
1797,10567
1797,9732
1797,12823
1798,13089
1798,1124
1798,2395
1798,10277
1799,6609
1799,8707
1799,4242
1799,5398
1800,5627
1800,13172
1800,11785
1801,9366
1801,8840
1801,8605
1801,289
1804,10823
1805,7844
1805,14164
1805,4936
1806,6788
1806,14577
1806,5119
1806,14635
1807,6246
1807,12330
1807,3840
1808,3068
1808,12817
1808,2511
1810,203
1810,7095
1810,14202
1810,2560
1812,12999
1812,6324
1812,14060
1813,2550
1813,13743
1814,11699
1815,1350
1815,459
1815,5064
1817,11152
1818,5448
1818,13897
1819,4955
1819,12496
1819,10086
1820,14518
1822,2239
1822,10552
1822,13984
1824,1913
1824,551
1825,2270
1825,13215
1825,6748
1825,7481
1826,9074
1826,10387
1827,10944
1827,7380
1828,3970
1828,3077
1829,9960
1831,11370
1831,12361
1832,13116
1834,13907
1834,10436
1834,10227
1834,8333
1835,4557
1835,9903
1835,12960
1836,3721
1836,8822
1837,2217
1837,1472
1838,1511
1838,1838
1838,10057
1838,11558
1840,5693
1840,10486
1841,699
1841,9651
1841,8236
1843,7210
1843,7603
1843,3209
1843,6042
1844,8788
1844,4425
1844,1954
1844,1297
1845,46
1845,4622
1845,4817
1845,6121
1848,13357
1848,9874
1848,8756
1848,9297
1849,6804
1849,14919
1849,14702
1850,8472
1850,13514
1852,13760
1852,10929
1852,9334
1853,6351
1853,5072
1854,1683
1856,4388
1857,77
1858,3997
1858,7635
1858,814
1858,6988
1859,1351
1859,4102
1859,14956
1859,1888
1860,865
1860,5036
1860,8993
1862,1040
1862,2493
1863,5651
1864,96
1865,6719
1865,4135
1865,8346
1866,12723
1867,13019
1871,2631
1871,14500
1871,8969
1871,3035
1873,13222
1874,6174
1874,12483
1875,5587
1876,2607
1876,10566
1876,10753
1876,9236
1877,8296
1877,5423
1877,7384
1878,8081
1879,7355
1879,9674
1880,187
1880,7058
1880,13557
1880,1265
1881,2574
1882,14949
1882,14277
1882,12051
1882,11930
1883,12840
1883,14322
1883,7985
1883,4426
1885,14107
1886,3141
1887,2063
1887,7835
1889,9380
1889,12480
1889,11802
1889,12932
1890,2387
1890,9606
1891,11508
1891,4784
1892,10295
1892,7805
1893,12782
1893,12281
1894,9791
1894,6047
1894,7682
1895,14757
1895,14239
1895,8170
1895,11457
1896,6250
1896,11249
1896,12599
1897,9541
1898,2906
1899,6059
1899,12648
1899,3552
1901,1543
1901,844
1901,1217
1902,6966
1902,976
1904,4728
1905,10058
1905,5907
1905,7982
1905,1889
1906,14
1907,7689
1907,2440
1907,3396
1907,7995
1908,3232
1908,4603
1909,712
1909,7913
1910,690
1910,7250
1910,5282
1910,10450
1911,12653
1911,14816
1912,4311
1912,8358
1912,1498
1913,9258
1913,4288
1914,6784
1914,9464
1914,10505
1914,5335
1916,12196
1916,14119
1916,8348
1916,5709
1918,6191
1919,6437
1919,12631
1920,12886
1920,13640
1920,14880
1920,12662
1921,2044
1921,4198
1922,9493
1922,7825
1924,6261
1924,552
1924,14433
1925,11962
1925,6999
1925,14338
1925,7194
1926,6684
1926,1129
1926,12631
1927,5228
1927,12051
1927,10523
1927,11350
1928,4437
1928,14810
1928,8137
1928,8995
1929,14218
1929,11836
1929,324
1930,10957
1930,2953
1931,4199
1934,2869
1936,7764
1936,13323
1936,458
1937,6512
1937,6041
1937,6580
1938,2413
1939,3002
1939,2696
1939,14951
1940,9715
1940,9735
1940,1072
1940,2316
1941,13145
1941,5281
1941,3102
1942,9427
1942,14476
1942,9498
1945,2457
1945,43
1945,1587
1947,1253
1948,4238
1948,2309
1949,6375
1949,2154
1950,6401
1950,1545
1950,3227
1951,12312
1952,14418
1952,10248
1952,4302
1952,705
1953,5479
1953,1245
1954,6515
1955,7372
1955,8500
1955,9250
1955,1329
1956,1823
1957,2676
1957,8621
1958,11713
1959,11464
1959,5290
1960,636
1960,4217
1960,9693
1961,10838
1962,5417
1962,5272
1962,10865
1962,1066
1963,1713
1963,3641
1964,3747
1964,5192
1964,2027
1965,4289
1965,11657
1965,5200
1965,6191
1967,5525
1968,8658
1969,101
1969,3109
1969,14
1971,14180
1971,6860
1971,12041
1971,11446
1972,8012
1972,3040
1972,7801
1973,11668
1973,3350
1973,13542
1973,4617
1974,11027
1974,10801
1975,11661
1975,8150
1975,9879
1976,12046
1977,12602
1977,12373
1977,7475
1978,2644
1978,9435
1978,14591
1978,5570
1979,3769
1979,6485
1979,14430
1979,8674
1980,6752
1980,10128
1981,368
1981,11993
1981,10433
1982,3686
1982,6305
1982,11163
1983,9142
1984,12368
1984,8595
1984,6816
1984,99
1986,729
1986,11320
1989,7452
1989,6285
1989,4797
1991,12684
1991,1223
1992,7834
1992,9146
1992,9831
1993,14144
1993,2809
1993,3618
1994,1201
1994,826
1995,4887
1995,6843
1995,252
1995,8301
1996,1694
1997,12761
1998,6024
1998,7128
1999,830
1999,5420
1999,13860
2000,3088
2000,9653
2000,5568
2000,11004
2001,8311
2001,10677
2002,4442
2003,5065
2003,11018
2003,10389
2003,9516
2004,11535
2004,10359
2004,4986
2004,1650
2005,4343
2005,3883
2006,14820
2006,10633
2006,2649
2007,12300
2007,3105
2007,2689
2007,9062
2008,3208
2008,14259
2008,875
2008,1002
2009,1119
2010,6586
2011,5606
2011,4899
2011,2046
2012,9202
2012,6079
2012,1278
2012,2523
2013,365
2013,5696
2013,5362
2014,8478
2014,14542
2015,13077
2016,4073
2018,4135
2018,7703
2019,9916
2019,3244
2021,13464
2024,9586
2024,6335
2025,7869
2025,1067
2025,7546
2027,2502
2028,4148
2029,12845
2032,7881
2033,3377
2034,6658
2036,5575
2036,7299
2036,1110
2036,4197
2037,6710
2038,13235
2038,10536
2038,3806
2038,10027
2039,13819
2039,3921
2040,3065
2040,14569
2040,9258
2040,3659
2042,5774
2042,8765
2042,8445
2043,10307
2043,14924
2044,1209
2045,4035
2046,8971
2046,3363
2047,14022
2048,2613
2049,5470
2049,13966
2049,2716
2049,727
2050,13642
2050,6914
2051,5277
2051,12090
2051,4726
2051,7275
2052,7054
2052,5772
2052,5520
2053,10939
2054,12447
2055,4474
2055,13203
2057,9142
2057,13513
2057,13687
2057,9602
2058,10275
2058,2659
2059,3504
2059,1550
2060,12287
2060,3959
2062,11684
2062,5437
2063,4517
2064,5010
2064,12373
2064,13878
2064,4087
2065,13536
2065,6116
2066,13461
2066,11496
2066,8146
2067,7806
2068,7432
2069,3463
2069,11458
2070,6663
2070,3982
2070,6353
2070,10135
2071,746
2071,12088
2071,4207
2076,1176
2076,1767
2076,6446
2076,3251
2077,2873
2077,1191
2077,1173
2077,13521
2078,9294
2079,3069
2079,8012
2079,7684
2079,9635
2080,8501
2080,10979
2080,5013
2080,13950
2082,8339
2082,3737
2082,5657
2083,9155
2083,8055
2084,7946
2084,7095
2084,3690
2085,5529
2085,6404
2088,2962
2089,1741
2090,14407
2090,2319
2090,5073
2093,12839
2093,4299
2093,5814
2093,5027
2094,8647
2095,3325
2095,5366
2095,14621
2096,14774
2096,12769
2096,10538
2097,8062
2097,13442
2097,12047
2097,8036
2098,7913
2100,13970
2100,11245
2100,14871
2101,5720
2101,2946
2101,2852
2101,6325
2103,5073
2103,4251
2104,5575
2104,6245
2105,11556
2105,312
2106,13972
2107,13046
2107,10606
2107,6463
2107,9609
2108,5898
2108,7974
2108,2344
2110,8902
2110,3787
2110,3639
2110,10311
2111,11120
2111,11168
2112,10092
2112,967
2114,133
2114,12900
2115,3585
2115,9182
2115,10157
2116,8134
2118,7247
2118,9719
2118,1988
2119,14788
2119,7535
2120,13
2121,3033
2121,4590
2121,8720
2123,7019
2123,13091
2124,4866
2124,9513
2124,14162
2124,4350
2125,10779
2125,7456
2125,13545
2125,366
2127,1324
2127,14
2127,932
2127,5807
2128,2916
2128,2048
2128,3658
2128,4304
2130,6480
2130,2515
2130,3531
2131,535
2131,8621
2131,6468
2132,10256
2132,11712
2133,2586
2133,2415
2133,8243
2133,2349
2134,1703
2137,12556
2137,4613
2137,515
2137,2702
2139,324
2139,10373
2139,1404
2139,2067
2140,13060
2141,3307
2141,8956
2141,3961
2142,10175
2143,10716
2143,5702
2143,8545
2145,12603
2145,12491
2146,3729
2146,3353
2147,7682
2147,310
2148,3552
2149,12104
2150,13974
2150,14089
2151,1250
2151,2118
2151,2489
2152,10379
2152,14246
2153,7118
2153,14116
2153,11776
2154,13006
2154,8853
2154,10104
2155,11836
2155,10561
2155,9532
2155,14969
2157,14359
2157,8080
2157,2970
2158,8884
2159,4952
2159,11138
2160,7386
2160,1904
2160,12965
2160,983
2161,14803
2161,4427
2161,2531
2162,9725
2162,12555
2162,8784
2162,11406
2163,5137
2163,14111
2164,14492
2164,11126
2164,5177
2165,2179
2165,806
2165,3815
2165,1804
2166,4985
2166,14671
2166,13464
2167,1852
2167,8595
2167,3398
2169,8975
2169,8102
2169,10052
2169,1019
2170,916
2170,1095
2170,6906
2170,2475
2171,9548
2171,1143
2171,4818
2172,9659
2172,1860
2173,10212
2174,5126
2174,11188
2174,8502
2176,6187
2176,1464
2176,13554
2177,11532
2178,4309
2178,356
2179,11971
2179,7356
2180,14036
2180,2759
2180,8685
2181,5055
2181,6945
2182,7440
2182,10337
2183,14641
2183,13785
2183,9608
2184,4914
2185,4829
2185,7672
2185,620
2185,5648
2186,11662
2186,12092
2186,4744
2187,12681
2188,632
2189,8099
2189,4936
2190,10158
2191,13276
2191,7615
2192,3204
2192,6341
2192,459
2193,307
2193,11317
2193,922
2193,12817
2194,6442
2194,12633
2194,11821
2195,11950
2195,11887
2195,9920
2196,6998
2196,7803
2197,14263
2199,1629
2199,10387
2199,3366
2199,5497
2200,1129
2201,14890
2201,5807
2201,5462
2202,2916
2202,2997
2202,8659
2203,9838
2203,9904
2203,310
2203,11149
2204,1936
2205,4370
2205,7144
2205,1312
2205,14980
2206,9976
2207,8993
2207,12695
2207,12621
2208,3772
2208,7111
2208,8379
2211,14922
2212,8158
2212,10505
2212,11683
2212,12236
2213,13722
2213,5145
2214,9911
2214,12317
2214,13645
2214,12325
2215,931
2215,10103
2215,24
2216,461
2216,2790
2217,5955
2217,14053
2217,9347
2217,7773
2218,6054
2218,388
2219,9509
2219,5131
2219,2037
2221,9429
2221,4273
2222,3873
2222,10826
2222,7235
2223,216
2224,12574
2226,3937
2226,14866
2227,10254
2227,2881
2227,8974
2227,3018
2228,5587
2228,8077
2228,13074
2228,3461
2231,11990
2231,8618
2234,5957
2234,1531
2234,13342
2234,3837
2236,916
2238,12901
2238,7457
2238,4579
2241,14037
2241,7371
2241,12982
2241,2482
2242,12316
2242,14687
2242,11310
2243,2180
2243,12967
2244,7428
2244,2245
2245,5434
2245,5340
2245,1438
2245,675
2246,5104
2246,2460
2247,3042
2247,5906
2247,8799
2247,12462
2248,12834
2248,9377
2249,12850
2249,930
2249,7382
2250,11706
2250,8458
2251,3796
2251,1876
2251,2176
2252,13562
2252,8070
2252,6889
2253,13031
2255,4272
2255,9463
2255,12494
2255,7464
2256,3200
2257,9657
2257,9610
2257,10243
2257,3775
2258,8486
2260,8914
2260,331
2260,7077
2262,3942
2263,7986
2263,12613
2263,3897
2265,3466
2266,1046
2266,1229
2267,9709
2267,5225
2267,8846
2267,14293
2269,120
2269,538
2269,4102
2269,8238
2270,5336
2270,8039
2271,11999
2272,4409
2275,2108
2276,5107
2276,1437
2276,5296
2276,10412
2277,1997
2278,12901
2278,11862
2279,14910
2279,2082
2279,9343
2279,4138
2280,4909
2281,7977
2281,290
2281,2981
2281,10203
2282,12510
2282,12400
2282,6829
2282,4883
2283,11634
2283,7361
2283,2364
2283,14738
2284,10030
2284,1556
2284,5666
2285,3366
2285,12013
2286,10849
2287,4923
2287,3322
2287,6826
2288,9657
2288,8880
2288,10220
2290,1727
2291,8388
2293,8002
2293,589
2293,13529
2294,6211
2295,4299
2296,7083
2296,13639
2297,3027
2297,11985
2297,2685
2298,13488
2298,1333
2298,4351
2298,8747
2299,4395
2299,5810
2301,6974
2301,7685
2302,10123
2302,5305
2303,296
2303,883
2303,1030
2304,14527
2304,14612
2305,702
2306,6773
2306,1302
2306,6269
2306,627
2307,13051
2307,1068
2307,11154
2308,643
2308,13038
2310,4818
2312,5641
2312,14649
2313,1862
2317,6888
2317,8156
2317,14438
2317,8239
2318,12916
2318,6999
2319,8036
2319,1761
2320,10919
2320,6661
2321,1379
2321,1998
2321,14793
2321,12682
2322,8616
2322,1964
2323,12578
2324,11105
2324,5903
2324,5527
2324,1241
2325,1005
2325,10467
2327,10933
2327,9684
2327,9013
2327,5748
2328,9405
2328,9151
2328,6296
2329,9824
2331,6368
2331,2912
2331,2469
2332,3083
2332,2548
2332,8090
2333,7018
2333,12968
2334,2508
2334,9226
2334,6209
2335,9624
2335,2685
2335,9113
2335,9425
2337,7598
2338,1378
2338,11782
2339,5086
2339,11322
2339,9532
2341,965
2341,8456
2342,14375
2342,4402
2343,2214
2344,10331
2345,2773
2346,4628
2346,8206
2346,4637
2346,52
2347,14763
2347,13977
2347,3438
2347,6064
2348,10084
2348,7543
2348,13118
2348,5648
2349,9382
2349,1989
2349,8388
2350,7383
2351,5903
2351,6680
2351,3383
2351,876
2352,9268
2352,12699
2352,2181
2352,12657
2354,2108
2354,7093
2354,7446
2355,11825
2355,6144
2355,538
2355,8609
2356,5008
2356,13914
2356,12690
2356,14644
2357,4440
2357,14361
2357,41
2358,1468
2358,7077
2359,3634
2359,6330
2359,1782
2359,8578
2360,2119
2361,4511
2361,3982
2361,724
2362,13527
2362,3813
2363,7197
2363,2598
2363,9788
2365,6860
2365,7687
2365,3058
2366,11850
2366,7306
2367,9434
2368,3097
2368,11098
2368,8743
2369,2743
2369,9268
2369,14839
2370,11489
2370,11721
2370,14287
2370,8678
2371,9206
2371,8344
2371,12736
2372,6058
2372,3394
2372,10638
2374,2575
2374,8138
2376,9551
2376,6215
2377,6505
2377,13135
2377,11193
2377,11200
2378,7421
2379,3283
2380,3639
2380,7107
2380,13579
2380,1609
2381,10207
2381,8061
2382,12082
2383,10630
2383,13694
2383,14919
2384,12416
2384,9420
2384,4372
2385,13246
2385,11611
2385,8358
2390,215
2392,14217
2392,7433
2392,11207
2393,13817
2393,12947
2393,5672
2393,3907
2394,3250
2395,12679
2395,4044
2395,6433
2395,14926
2396,8679
2396,3840
2396,10716
2397,13052
2398,12764
2398,11915
2398,10676
2401,11574
2401,7741
2401,5452
2402,14587
2402,10575
2402,3715
2402,10264
2403,728
2403,11840
2404,4586
2405,2467
2405,7285
2405,4505
2405,2701
2406,8777
2406,9462
2406,8258
2407,9748
2407,2336
2409,12650
2409,3239
2410,7906
2410,7811
2410,12877
2410,12531
2411,6317
2411,12547
2413,12243
2413,12676
2413,7293
2414,9607
2416,3459
2417,14072
2417,13809
2417,9536
2419,7344
2419,13632
2422,1949
2422,5550
2422,6397
2422,7909
2423,11946
2423,1269
2423,5911
2423,1140
2424,4827
2424,3592
2424,14684
2424,2408
2425,1373
2425,9582
2425,5390
2426,6049
2426,721
2427,238
2427,969
2427,352
2427,8094
2429,574
2429,4460
2429,8321
2429,11324
2430,10679
2430,3426
2431,2466
2433,5220
2433,5030
2433,5958
2433,5530
2434,5082
2434,6807
2434,5437
2437,5811
2438,13860
2438,2833
2438,97
2439,13154
2440,12500
2441,14895
2441,5613
2441,11280
2441,14513
2442,3131
2442,563
2443,14739
2443,5608
2445,7878
2445,2477
2445,11540
2445,5277
2446,595
2446,11572
2446,8531
2448,12206
2448,7279
2448,1781
2448,9845
2449,3994
2450,5367
2450,6789
2450,9414
2450,2193
2451,2901
2452,1764
2453,10082
2454,7402
2454,9334
2454,1859
2454,4966
2455,10604
2455,4925
2456,3236
2457,4928
2457,11094
2457,3133
2458,11352
2458,11674
2460,4898
2460,14721
2460,12461
2461,3737
2462,9850
2463,13163
2463,3427
2464,3826
2464,7707
2465,5584
2467,1780
2467,13972
2468,8631
2468,10881
2468,14055
2468,8756
2469,14063
2470,1265
2470,13527
2472,276
2472,10830
2472,9520
2472,14641
2473,13169
2473,3462
2473,4334
2473,144
2475,2832
2475,8649
2475,12381
2475,2950
2476,5346
2476,6047
2476,1805
2477,14039
2477,9287
2477,4730
2477,4268
2478,789
2478,7251
2478,10980
2479,624
2480,2594
2480,2030
2480,2554
2480,7602
2481,14406
2481,61
2481,2
2481,4590
2482,3044
2483,7133
2483,13847
2484,3768
2484,12374
2484,1641
2484,3461
2485,7409
2485,11092
2485,14005
2485,14264
2486,8797
2488,9367
2488,3809
2489,9541
2489,10720
2489,9212
2489,14936
2490,11144
2491,542
2492,10317
2492,11597
2492,1192
2492,7266
2493,1394
2493,11426
2493,7890
2493,4349
2494,1102
2494,197
2494,5687
2494,2387
2495,5124
2495,9513
2496,3098
2496,2072
2496,11137
2496,3193
2497,14134
2499,6535
2499,3675
2499,12959
2505,1451
2505,4964
2505,13847
2506,13250
2506,6289
2506,11429
2506,1730
2507,11632
2507,1988
2507,1925
2508,5959
2508,10134
2508,9138
2508,14073
2509,11658
2509,8661
2509,14980
2510,12398
2511,886
2512,11427
2512,10548
2513,10262
2513,4826
2514,11031
2514,6472
2514,11075
2514,14334
2515,10141
2515,10940
2515,5288
2515,9151
2516,3935
2516,7511
2516,13466
2516,6500
2517,13209
2517,13690
2517,10674
2519,12397
2519,6487
2519,7238
2520,2551
2520,13847
2520,4269
2520,10620
2521,12297
2521,12160
2521,9482
2523,4930
2523,14050
2523,4585
2523,8
2524,6231
2524,13470
2525,2959
2525,2213
2526,4199
2527,5429
2527,1626
2528,4781
2528,977
2529,9788
2529,6652
2529,1624
2529,10159
2530,7455
2530,14204
2531,7085
2531,14424
2531,4892
2531,5221
2532,8329
2533,5991
2533,14942
2533,13125
2535,10267
2535,14435
2535,10601
2535,14423
2536,10843
2536,11722
2537,8518
2538,12845
2538,2108
2538,14335
2538,3703
2540,9257
2541,10541
2541,12174
2541,6656
2541,4445
2543,9502
2543,5054
2543,9264
2543,2063
2544,612
2544,93
2545,13983
2546,3929
2546,7943
2546,14204
2547,1603
2548,11923
2548,10335
2549,623
2549,9801
2549,10344
2550,9744
2550,10222
2550,14715
2550,6498
2551,7738
2551,8025
2551,8330
2551,14129
2553,14757
2553,1373
2554,14835
2555,1549
2555,2895
2555,12186
2555,5418
2556,11400
2556,9242
2556,2753
2556,6462
2557,106
2557,8956
2557,11717
2557,1842
2558,14944
2558,1975
2559,2583
2559,9642
2559,12485
2559,7891
2560,5611
2560,10314
2561,7372
2561,2954
2561,12197
2562,14222
2562,3828
2563,1603
2563,12473
2563,10898
2565,8948
2567,10324
2567,9007
2567,13623
