wishlist_id,customer_id,product_id
1,0,10514
2,0,10648
3,0,11282
4,0,7289
5,0,14717
6,1,205
7,1,1890
8,1,5272
9,1,8172
10,2,14925
11,2,12483
12,2,8245
13,3,13466
14,3,1579
15,3,634
16,3,5701
17,3,10728
18,4,10117
19,4,12541
20,4,4133
21,5,5901
22,5,12406
23,5,8526
24,6,13485
25,6,13515
26,6,4627
27,6,4657
28,6,9802
29,7,10644
30,8,7087
31,9,1240
32,9,2192
33,9,10924
34,9,11010
35,10,5365
36,10,2349
37,10,4254
38,10,12019
39,10,14998
40,12,5115
41,12,4857
42,13,7965
43,13,3434
44,14,12981
45,15,3417
46,15,6537
47,15,9308
48,15,7624
49,16,8362
50,16,7428
51,16,14686
52,16,12460
53,16,9092
54,17,13594
55,17,8433
56,17,4677
57,18,1567
58,18,5885
59,18,7306
60,18,13923
61,18,10931
62,19,14303
63,19,9971
64,19,14773
65,19,8444
66,20,8312
67,20,929
68,20,4624
69,20,12992
70,22,582
71,22,4129
72,22,11033
73,22,6447
74,23,1959
75,24,13207
76,25,13523
77,25,9007
78,25,153
79,25,11679
80,26,762
81,26,7480
82,26,8150
83,26,345
84,26,3614
85,28,5096
86,28,542
87,28,11190
88,29,3773
89,29,1370
90,30,8916
91,30,12278
92,30,4413
93,30,13858
94,30,13560
95,31,10892
96,32,11011
97,32,4366
98,32,419
99,32,5838
100,32,13132
101,33,11176
102,34,7230
103,34,13107
104,34,10128
105,34,1094
106,34,7248
107,35,14224
108,35,10063
109,36,6811
110,37,13469
111,37,14736
112,37,5466
113,37,8866
114,38,10134
115,38,9378
116,38,7207
117,38,11970
118,38,12405
119,41,10221
120,41,12442
121,41,8792
122,42,6829
123,42,6569
124,42,14620
125,42,27
126,43,9999
127,43,14646
128,43,10501
129,43,6020
130,43,2248
131,44,5294
132,44,9867
133,45,14560
134,45,14625
135,46,212
136,46,368
137,47,11531
138,48,7743
139,48,12133
140,48,2093
141,49,5583
142,49,7883
143,50,12695
144,50,9856
145,50,10502
146,50,4960
147,51,3067
148,51,11905
149,52,5462
150,54,11915
151,54,7977
152,55,566
153,57,11405
154,57,1797
155,57,4040
156,57,12666
157,60,7315
158,61,1630
159,61,14075
160,62,9791
161,63,3983
162,63,14751
163,63,14340
164,63,9208
165,64,173
166,64,12900
167,64,569
168,65,13821
169,66,8159
170,67,7985
171,68,9306
172,68,689
173,68,7090
174,70,10696
175,70,12024
176,70,7902
177,70,9208
178,71,13133
179,72,10849
180,72,7135
181,72,2242
182,72,5648
183,73,6
184,73,2104
185,74,10217
186,74,8692
187,74,6238
188,74,7442
189,74,1455
190,77,14112
191,77,6096
192,77,4230
193,77,7799
194,77,5245
195,78,5915
196,78,1759
197,78,13950
198,78,597
199,78,3610
200,79,13473
201,79,14602
202,80,14434
203,80,13761
204,80,12475
205,80,13295
206,81,4287
207,81,1597
208,82,4471
209,82,629
210,82,2577
211,83,11199
212,83,12902
213,84,1852
214,85,14682
215,85,2607
216,85,1600
217,85,4845
218,86,13561
219,86,6054
220,86,4955
221,86,126
222,88,6283
223,88,10815
224,88,1904
225,88,9097
226,88,12670
227,89,896
228,89,6774
229,91,6862
230,91,12560
231,91,4040
232,91,9957
233,92,5648
234,92,14890
235,92,12058
236,92,13313
237,92,12900
238,93,3399
239,93,13297
240,93,12467
241,93,3155
242,94,9603
243,94,11842
244,94,9072
245,94,19
246,95,12364
247,95,13890
248,95,11637
249,95,2734
250,97,10070
251,97,10744
252,98,14070
253,98,14970
254,100,10369
255,100,3238
256,100,3897
257,100,5708
258,101,8422
259,101,14490
260,101,3767
261,103,4626
262,103,12670
263,103,8860
264,103,3156
265,103,11525
266,104,1464
267,107,11176
268,107,5602
269,108,5276
270,110,4269
271,110,1896
272,110,5770
273,112,395
274,114,1804
275,114,9948
276,114,3190
277,114,12588
278,115,12190
279,115,14477
280,115,813
281,115,3065
282,117,11063
283,119,6120
284,119,6909
285,119,1476
286,120,3177
287,120,13817
288,121,10346
289,121,13842
290,121,11349
291,121,14960
292,121,2114
293,123,6080
294,123,5472
295,123,1817
296,123,7983
297,123,4194
298,124,14882
299,124,3216
300,124,13337
301,124,11372
302,125,14546
303,126,13491
304,126,14356
305,126,11902
306,126,10933
307,127,1089
308,127,10799
309,128,5620
310,128,5110
311,128,11192
312,128,8149
313,128,12345
314,130,1097
315,130,1706
316,131,1160
317,131,6472
318,131,1837
319,132,6304
320,133,14125
321,133,4917
322,134,8264
323,134,13902
324,134,12210
325,134,8541
326,134,9762
327,136,13529
328,136,9539
329,136,12724
330,137,3498
331,137,12278
332,137,1981
333,139,4860
334,139,13401
335,139,3747
336,140,13751
337,141,3688
338,141,13892
339,141,12684
340,142,13544
341,142,13030
342,142,7686
343,142,3732
344,143,7635
345,144,4318
346,144,12479
347,144,1748
348,144,13169
349,144,654
350,145,5958
351,145,13532
352,145,5063
353,145,7685
354,145,838
355,146,13773
356,146,11789
357,147,8745
358,147,11960
359,147,13740
360,147,10864
361,147,8346
362,148,7859
363,148,5487
364,148,9951
365,149,10955
366,150,4051
367,150,12308
368,151,1745
369,151,1904
370,151,7336
371,151,13341
372,152,2340
373,152,2221
374,152,3852
375,153,9518
376,153,7315
377,153,1339
378,153,2196
379,154,13456
380,155,4947
381,156,7988
382,156,11198
383,157,3766
384,157,1314
385,157,2070
386,157,2600
387,158,3171
388,158,12197
389,159,2422
390,159,12142
391,160,2929
392,160,3518
393,160,2691
394,160,1210
395,161,8078
396,161,6041
397,161,13189
398,162,11927
399,162,5339
400,162,7881
401,164,8445
402,165,1677
403,165,1150
404,165,3603
405,166,6656
406,166,14061
407,166,10195
408,166,12217
409,167,10361
410,167,14598
411,167,6472
412,167,4018
413,167,536
414,168,13472
415,168,7878
416,168,7601
417,168,1670
418,169,11808
419,170,7956
420,170,3128
421,170,12286
422,173,7343
423,173,11582
424,173,2256
425,173,9751
426,174,1213
427,174,3059
428,175,14238
429,176,2800
430,176,7695
431,176,14522
432,176,10005
433,178,8720
434,178,1639
435,178,3387
436,179,13395
437,179,154
438,179,10699
439,179,14311
440,180,14385
441,181,12651
442,183,955
443,183,9021
444,183,7918
445,183,12909
446,183,11239
447,184,7929
448,184,3108
449,184,2419
450,184,3581
451,185,8561
452,185,9218
453,186,3558
454,187,10313
455,187,9805
456,187,8627
457,187,13070
458,187,12322
459,188,6506
460,188,9089
461,188,10212
462,188,11599
463,188,5743
464,191,7983
465,191,11901
466,191,10510
467,192,13872
468,192,3999
469,192,13199
470,193,7850
471,193,1081
472,194,1092
473,194,8268
474,195,7406
475,195,592
476,195,6446
477,195,12708
478,195,9919
479,196,1934
480,197,12959
481,197,3766
482,197,13289
483,197,7866
484,197,3418
485,201,2154
486,201,6734
487,201,1831
488,202,3644
489,202,1199
490,202,3737
491,203,12867
492,203,13541
493,203,10474
494,203,14677
495,203,9705
496,204,7610
497,204,1271
498,204,14753
499,206,4910
500,206,9275
501,208,3754
502,208,6103
503,208,3725
504,208,11666
505,208,1948
506,209,6801
507,209,14678
508,210,12110
509,210,9035
510,210,3669
511,211,9316
512,211,4163
513,212,2821
514,212,3452
515,212,9431
516,213,5482
517,213,2373
518,214,12177
519,214,9954
520,214,2050
521,214,5267
522,216,5980
523,216,11869
524,217,7617
525,217,3426
526,219,4090
527,219,14813
528,220,14256
529,220,14360
530,221,1020
531,221,9340
532,222,10950
533,224,890
534,225,13810
535,225,963
536,225,2492
537,225,13735
538,226,13284
539,226,3134
540,226,4835
541,226,8631
542,227,7395
543,228,14722
544,228,12687
545,228,11775
546,228,11122
547,229,13694
548,230,2865
549,233,625
550,233,8529
551,234,9045
552,234,7187
553,235,12620
554,236,7656
555,236,12981
556,237,2757
557,237,7979
558,239,11724
559,239,12995
560,239,11901
561,239,13086
562,239,4823
563,240,12534
564,240,12851
565,240,2897
566,240,7228
567,243,2257
568,243,6432
569,243,11962
570,244,3770
571,244,9560
572,244,13550
573,244,8292
574,245,484
575,246,9447
576,246,9152
577,247,648
578,247,7163
579,248,1796
580,248,13411
581,248,12533
582,248,7708
583,249,5742
584,249,14879
585,249,5526
586,250,3396
587,250,11258
588,251,11041
589,251,2379
590,253,8450
591,253,8629
592,253,1936
593,253,7408
594,256,2780
595,256,2757
596,257,11408
597,258,8763
598,258,12020
599,258,14041
600,258,14769
601,259,14191
602,259,13269
603,259,14180
604,261,6923
605,263,13504
606,263,14167
607,263,4986
608,264,12958
609,264,2058
610,264,7518
611,264,9379
612,264,5314
613,265,13927
614,265,6533
615,265,874
616,266,12649
617,266,9702
618,266,3024
619,266,8929
620,268,9208
621,268,14413
622,269,1908
623,270,116
624,273,8715
625,273,11725
626,273,12917
627,273,12107
628,273,11762
629,274,10508
630,274,11663
631,274,4920
632,274,14326
633,275,5915
634,275,5191
635,275,2074
636,275,1560
637,275,6985
638,276,3047
639,276,12758
640,276,1400
641,276,6395
642,277,11219
643,278,2109
644,278,10135
645,279,14682
646,279,811
647,279,7904
648,279,8788
649,280,12451
650,280,5188
651,281,2926
652,281,13232
653,281,6670
654,281,11196
655,281,10280
656,282,8347
657,282,831
658,283,11984
659,284,2871
660,284,3119
661,285,10780
662,285,12697
663,285,8491
664,286,3337
665,286,4389
666,287,9083
667,287,14133
668,289,13072
669,289,7282
670,290,6584
671,290,11644
672,291,1050
673,291,11429
674,291,5828
675,291,6828
676,291,4324
677,292,10251
678,293,12877
679,293,7429
680,293,12583
681,293,7435
682,293,1620
683,294,6580
684,294,5368
685,294,5831
686,295,3829
687,295,842
688,295,8879
689,296,1661
690,296,6145
691,296,10270
692,296,691
693,297,9170
694,297,11655
695,297,13988
696,297,4936
697,297,6939
698,298,2796
699,299,11338
700,299,4056
701,300,9683
702,300,96
703,301,6538
704,301,8529
705,301,10886
706,301,10359
707,301,14671
708,302,9628
709,302,2156
710,302,8887
711,304,2074
712,304,1633
713,304,3269
714,304,9693
715,305,12833
716,305,10230
717,306,5810
718,306,13702
719,306,815
720,306,4632
721,308,1850
722,308,3391
723,308,10366
724,308,5404
725,309,13706
726,309,7617
727,309,10860
728,309,5411
729,310,10960
730,310,9921
731,310,10560
732,310,9925
733,310,2944
734,311,5973
735,311,3704
736,311,11706
737,311,630
738,312,13295
739,312,3644
740,312,1938
741,312,13167
742,313,1259
743,313,12656
744,313,12548
745,313,4566
746,314,5380
747,314,8761
748,314,14490
749,314,5033
750,315,11807
751,315,5485
752,315,6172
753,315,12485
754,316,8834
755,316,3328
756,316,8210
757,316,7071
758,316,5078
759,317,9916
760,317,2889
761,317,7380
762,317,3700
763,319,5467
764,319,7551
765,319,4973
766,319,2289
767,319,14120
768,320,1683
769,320,6285
770,320,13002
771,320,3225
772,320,2916
773,321,6616
774,322,8336
775,322,7714
776,323,5949
777,323,951
778,323,3533
779,324,6982
780,324,10751
781,324,3201
782,325,13936
783,328,2971
784,329,2742
785,330,5665
786,330,4287
787,331,6268
788,331,11816
789,332,14375
790,332,7174
791,332,9181
792,333,1940
793,333,84
794,334,5065
795,334,11370
796,335,10122
797,335,1296
798,335,16
799,335,1754
800,335,7894
801,336,14862
802,336,2712
803,336,13583
804,337,4559
805,337,2847
806,338,10468
807,338,8125
808,338,5277
809,338,8028
810,339,1538
811,339,12620
812,341,2350
813,341,10659
814,341,197
815,341,2727
816,341,13302
817,342,6614
818,342,4013
819,345,4775
820,345,10644
821,345,3649
822,345,14196
823,345,941
824,346,13409
825,346,14887
826,348,970
827,348,3079
828,348,5539
829,349,14231
830,349,4859
831,349,7127
832,350,13606
833,350,2486
834,351,11348
835,351,8784
836,351,975
837,352,10755
838,352,10012
839,352,12406
840,352,4741
841,352,4167
842,354,11899
843,354,11727
844,355,14716
845,355,12800
846,355,14493
847,355,2465
848,355,13588
849,356,11620
850,356,12969
851,357,2232
852,357,5424
853,357,4342
854,359,7225
855,359,13916
856,359,3210
857,362,3165
858,362,1881
859,362,4707
860,362,383
861,362,423
862,363,8485
863,363,3137
864,364,1165
865,364,12097
866,364,6087
867,364,13733
868,364,4784
869,365,10431
870,365,9876
871,365,325
872,365,2002
873,366,11624
874,366,9496
875,366,11980
876,366,10742
877,368,2150
878,369,4109
879,369,12503
880,369,11028
881,369,3964
882,369,14149
883,370,2697
884,372,678
885,373,11623
886,373,9195
887,373,13064
888,375,2832
889,375,5672
890,377,640
891,377,1185
892,377,11101
893,378,5800
894,378,5660
895,378,13510
896,378,11017
897,379,12484
898,379,4300
899,379,986
900,379,12393
901,381,9934
902,381,2230
903,381,13584
904,381,12791
905,382,5747
906,382,1483
907,382,10718
908,382,13234
909,382,5713
910,384,6725
911,384,14849
912,384,11376
913,384,9173
914,385,7572
915,385,8811
916,385,7009
917,385,3750
918,385,11755
919,386,5320
920,386,2637
921,386,2769
922,386,13407
923,386,4942
924,387,13415
925,387,2151
926,387,5864
927,387,4537
928,388,9360
929,388,5064
930,389,2549
931,389,6351
932,390,3018
933,390,8292
934,390,8601
935,391,437
936,391,1824
937,391,5222
938,391,6875
939,392,7071
940,392,2292
941,395,5406
942,396,13810
943,396,10819
944,396,9918
945,397,6151
946,397,4748
947,399,6379
948,400,1600
949,401,9240
950,401,7147
951,401,4465
952,401,8020
953,401,5825
954,402,11351
955,402,13308
956,402,2938
957,402,7538
958,403,14455
959,403,3234
960,407,14598
961,407,14005
962,408,2508
963,408,3588
964,409,10171
965,409,6256
966,409,1805
967,409,5815
968,409,7719
969,410,10430
970,411,8415
971,412,5060
972,412,10848
973,412,4595
974,412,4781
975,412,5626
976,413,2567
977,414,9541
978,414,890
979,416,11963
980,416,5163
981,417,13844
982,418,13640
983,419,5677
984,419,7942
985,419,559
986,419,2284
987,420,53
988,420,10764
989,420,3485
990,420,13631
991,421,7080
992,421,14329
993,421,12499
994,421,13620
995,421,2573
996,422,6693
997,422,5827
998,423,4557
999,423,13086
1000,424,12009
1001,425,13109
1002,426,13344
1003,426,8191
1004,426,6865
1005,428,11722
1006,428,4621
1007,429,1217
1008,429,10064
1009,429,11722
1010,429,13268
1011,431,9848
1012,434,10294
1013,434,1490
1014,435,11533
1015,436,8191
1016,436,3777
1017,436,13788
1018,437,338
1019,437,932
1020,437,3867
1021,437,14576
1022,437,8253
1023,438,5796
1024,439,10736
1025,439,13563
1026,440,8997
1027,440,14057
1028,441,2887
1029,441,7775
1030,442,5802
1031,442,14599
1032,442,6403
1033,442,7754
1034,443,2304
1035,443,108
1036,443,12742
1037,443,10655
1038,444,13414
1039,444,6900
1040,444,13771
1041,445,7801
1042,445,12255
1043,445,10667
1044,445,1215
1045,445,607
1046,446,13825
1047,446,8450
1048,446,2581
1049,447,6120
1050,447,11739
1051,448,4250
1052,450,8294
1053,451,1176
1054,451,6404
1055,454,2325
1056,454,550
1057,456,3593
1058,456,10239
1059,456,5333
1060,456,14149
1061,456,4485
1062,459,5313
1063,459,10674
1064,459,14580
1065,459,11732
1066,459,6801
1067,460,2847
1068,460,4082
1069,461,8877
1070,461,4106
1071,461,5087
1072,462,14327
1073,462,9930
1074,462,3522
1075,463,10280
1076,463,1703
1077,465,14867
1078,465,5531
1079,465,12590
1080,465,6803
1081,467,7289
1082,468,14701
1083,468,2346
1084,468,13777
1085,468,6795
1086,469,1906
1087,469,3432
1088,472,704
1089,472,10769
1090,472,9524
1091,472,13785
1092,472,13677
1093,473,8831
1094,473,2080
1095,473,1880
1096,473,11055
1097,473,1654
1098,474,15
1099,474,3831
1100,475,1012
1101,475,1061
1102,475,6182
1103,475,13080
1104,475,4797
1105,476,8046
1106,476,6946
1107,476,3559
1108,476,9045
1109,477,5938
1110,479,10863
1111,479,4117
1112,479,11691
1113,479,1865
1114,479,8820
1115,480,13718
1116,480,2734
1117,480,6412
1118,480,379
1119,480,13948
1120,481,7650
1121,481,10847
1122,481,8850
1123,481,7725
1124,481,12033
1125,482,14294
1126,482,8823
1127,482,12783
1128,483,4913
1129,483,14203
1130,485,448
1131,485,912
1132,485,3146
1133,485,7185
1134,485,14285
1135,486,7604
1136,486,1404
1137,486,8410
1138,486,5337
1139,487,12107
1140,487,14656
1141,487,11369
1142,488,4902
1143,488,11537
1144,488,11142
1145,488,12977
1146,488,9147
1147,489,11724
1148,489,6041
1149,490,8323
1150,490,8467
1151,490,11932
1152,490,5792
1153,490,12581
1154,491,13533
1155,492,2634
1156,492,10706
1157,492,1687
1158,492,1851
1159,492,1477
1160,494,11637
1161,494,3593
1162,495,12327
1163,495,10079
1164,495,5669
1165,495,2067
1166,495,9509
1167,497,13435
1168,500,14693
1169,500,1904
1170,500,12849
1171,500,6438
1172,500,8550
1173,502,8496
1174,502,10177
1175,503,12618
1176,503,11373
1177,503,10523
1178,504,8952
1179,504,12479
1180,505,6543
1181,506,12190
1182,506,7164
1183,506,9052
1184,506,14307
1185,508,12692
1186,508,2165
1187,508,13832
1188,508,11038
1189,509,2047
1190,509,7157
1191,509,12910
1192,510,6026
1193,510,14225
1194,510,3952
1195,510,11395
1196,511,6688
1197,511,4966
1198,511,13347
1199,511,11211
1200,511,2026
1201,512,11441
1202,513,11235
1203,513,8863
1204,513,3236
1205,513,14458
1206,513,10155
1207,514,3551
1208,515,11196
1209,515,10308
1210,515,10149
1211,515,7967
1212,515,8217
1213,516,4848
1214,516,7024
1215,516,2857
1216,516,2425
1217,518,8405
1218,518,4740
1219,518,9364
1220,518,4415
1221,518,5069
1222,519,10295
1223,520,10687
1224,521,7286
1225,522,10703
1226,522,13365
1227,522,5610
1228,523,1239
1229,525,12606
1230,525,669
1231,527,12620
1232,527,10209
1233,527,1433
1234,528,885
1235,528,13057
1236,528,1956
1237,528,13980
1238,528,7976
1239,529,4522
1240,529,5951
1241,530,2816
1242,530,6649
1243,530,8250
1244,531,8055
1245,531,1768
1246,531,11044
1247,532,12192
1248,533,7076
1249,533,268
1250,533,9685
1251,533,4135
1252,533,8744
1253,534,14868
1254,534,7694
1255,535,8776
1256,536,11100
1257,536,8296
1258,536,10865
1259,536,6216
1260,536,4038
1261,537,1997
1262,537,7622
1263,539,4561
1264,539,1421
1265,539,11520
1266,539,7417
1267,541,12567
1268,542,4766
1269,542,13679
1270,542,9444
1271,542,10879
1272,542,8656
1273,543,10746
1274,543,79
1275,543,8589
1276,543,4411
1277,544,13109
1278,544,11422
1279,544,10090
1280,544,2491
1281,545,12600
1282,545,6119
1283,545,3556
1284,546,8565
1285,546,7226
1286,546,8638
1287,547,1740
1288,547,5685
1289,547,12652
1290,547,2795
1291,547,7535
1292,548,12860
1293,548,8834
1294,548,9442
1295,548,13956
1296,549,1687
1297,549,12025
1298,549,2275
1299,549,2393
1300,550,10885
1301,550,1643
1302,550,10787
1303,550,1810
1304,550,3790
1305,551,14798
1306,551,4194
1307,552,5704
1308,552,1898
1309,552,5619
1310,552,8863
1311,552,6270
1312,553,11719
1313,553,788
1314,553,5771
1315,553,805
1316,553,11615
1317,554,7507
1318,554,3733
1319,554,663
1320,555,14537
1321,555,13475
1322,555,5303
1323,556,6627
1324,556,1689
1325,556,3440
1326,556,3188
1327,556,3649
1328,557,7132
1329,557,7189
1330,557,2847
1331,557,6423
1332,558,8818
1333,558,14562
1334,558,11381
1335,558,12696
1336,558,6513
1337,559,1849
1338,559,14953
1339,559,5232
1340,559,4152
1341,560,11278
1342,560,10011
1343,560,12320
1344,560,11724
1345,561,2944
1346,561,8127
1347,561,8170
1348,562,6013
1349,562,7620
1350,562,3137
1351,563,703
1352,563,783
1353,563,5770
1354,563,11304
1355,564,3933
1356,564,6656
1357,565,6208
1358,565,8829
1359,565,2994
1360,566,6778
1361,566,11458
1362,567,5084
1363,567,6462
1364,568,10076
1365,568,9397
1366,569,14505
1367,569,8036
1368,569,6260
1369,569,11288
1370,569,9028
1371,570,11243
1372,570,13378
1373,570,13588
1374,570,14036
1375,570,3392
1376,571,4310
1377,571,4613
1378,571,5007
1379,572,13427
1380,572,13220
1381,572,292
1382,573,14472
1383,573,13560
1384,573,129
1385,574,14982
1386,574,12159
1387,575,13681
1388,575,10618
1389,575,9432
1390,575,6599
1391,576,845
1392,576,13474
1393,576,4937
1394,576,6642
1395,577,9777
1396,577,9056
1397,578,2050
1398,578,11641
1399,578,12917
1400,578,186
1401,578,9866
1402,579,11269
1403,580,7202
1404,580,5036
1405,581,3541
1406,582,5031
1407,584,3343
1408,584,14952
1409,585,4556
1410,585,4721
1411,585,5476
1412,585,6915
1413,586,3217
1414,586,268
1415,588,14440
1416,588,2262
1417,588,5995
1418,589,6755
1419,589,8673
1420,589,14216
1421,589,13976
1422,589,5531
1423,590,11381
1424,590,1533
1425,590,8044
1426,591,14190
1427,591,1081
1428,591,640
1429,592,3866
1430,592,14914
1431,593,10464
1432,593,13630
1433,593,10178
1434,594,156
1435,594,445
1436,594,4687
1437,597,7087
1438,597,8457
1439,597,4559
1440,597,9986
1441,598,13207
1442,598,11900
1443,598,7759
1444,598,14202
1445,598,6
1446,600,3519
1447,600,13456
1448,601,13968
1449,602,5762
1450,603,14370
1451,603,6358
1452,604,7565
1453,604,2427
1454,604,4357
1455,605,6085
1456,605,295
1457,605,8852
1458,605,14789
1459,605,12128
1460,606,8997
1461,606,3167
1462,607,11056
1463,608,13398
1464,608,5426
1465,611,1216
1466,611,8423
1467,611,3193
1468,611,3571
1469,612,5195
1470,612,4769
1471,612,4229
1472,612,2945
1473,613,5434
1474,613,3663
1475,613,12183
1476,613,4355
1477,614,8581
1478,614,8368
1479,614,12781
1480,614,8680
1481,616,186
1482,617,4836
1483,617,3783
1484,617,12755
1485,617,7279
1486,617,14426
1487,618,7845
1488,619,7434
1489,619,22
1490,619,4176
1491,619,3639
1492,620,8763
1493,620,12528
1494,620,12246
1495,621,7606
1496,622,4892
1497,622,8405
1498,622,1383
1499,622,2315
1500,622,4924
1501,623,13196
1502,623,7677
1503,624,14294
1504,624,8466
1505,624,6972
1506,624,8296
1507,624,5271
1508,625,11881
1509,625,10149
1510,626,13265
1511,626,5887
1512,626,6962
1513,626,9373
1514,626,5209
1515,627,205
1516,628,3885
1517,628,13259
1518,628,1703
1519,629,13217
1520,629,1604
1521,629,12445
1522,629,5424
1523,629,13185
1524,630,2856
1525,630,7482
1526,630,5332
1527,631,4152
1528,631,4427
1529,631,400
1530,632,6781
1531,632,12593
1532,632,14058
1533,632,13750
1534,633,7664
1535,633,12032
1536,633,5166
1537,634,11718
1538,634,10165
1539,634,8170
1540,635,13972
1541,635,4002
1542,635,650
1543,635,4204
1544,637,8323
1545,637,9144
1546,637,2695
1547,637,11726
1548,637,4171
1549,638,2534
1550,638,10351
1551,638,8670
1552,638,7099
1553,641,5864
1554,642,9951
1555,644,2144
1556,644,1470
1557,644,10234
1558,644,14637
1559,645,14790
1560,645,14763
1561,646,692
1562,646,4657
1563,651,12099
1564,651,5545
1565,651,5834
1566,651,8958
1567,651,4847
1568,652,12842
1569,653,402
1570,653,13880
1571,653,12643
1572,653,10624
1573,653,6142
1574,656,12390
1575,656,5639
1576,656,13321
1577,656,5235
1578,657,8855
1579,657,6379
1580,658,6311
1581,658,5968
1582,658,8842
1583,658,3386
1584,659,6187
1585,659,11758
1586,660,462
1587,660,12670
1588,660,1765
1589,660,7997
1590,661,8068
1591,661,590
1592,662,12230
1593,662,7412
1594,665,4944
1595,665,10143
1596,666,2326
1597,666,7112
1598,666,2332
1599,671,2716
1600,671,13022
1601,671,10803
1602,672,10050
1603,672,5844
1604,672,2957
1605,672,13854
1606,672,5441
1607,673,2098
1608,673,5019
1609,673,5344
1610,673,2062
1611,673,864
1612,674,6412
1613,674,12370
1614,674,11363
1615,675,11495
1616,676,6646
1617,676,2513
1618,676,13674
1619,677,8297
1620,677,2623
1621,678,12854
1622,678,10263
1623,680,1938
1624,680,11712
1625,680,1808
1626,681,10865
1627,681,41
1628,682,9190
1629,682,2267
1630,683,1502
1631,684,6759
1632,684,12921
1633,684,2679
1634,684,13428
1635,684,14478
1636,685,8005
1637,685,1142
1638,685,726
1639,685,7292
1640,685,6194
1641,686,3407
1642,686,5128
1643,686,12581
1644,686,12536
1645,687,4834
1646,687,2814
1647,687,6926
1648,687,14223
1649,687,14185
1650,688,4774
1651,688,5014
1652,689,12185
1653,689,11650
1654,690,3878
1655,690,12555
1656,691,3927
1657,691,1481
1658,692,7676
1659,692,13837
1660,692,14472
1661,692,12439
1662,692,11064
1663,693,709
1664,693,9591
1665,694,1074
1666,694,2476
1667,695,3120
1668,696,8553
1669,696,1987
1670,698,12136
1671,698,7571
1672,699,1342
1673,701,4389
1674,701,5886
1675,701,12450
1676,701,14858
1677,702,3217
1678,702,13400
1679,702,8300
1680,703,4905
1681,703,598
1682,703,13808
1683,703,10926
1684,703,514
1685,704,6653
1686,704,12030
1687,704,14929
1688,704,9949
1689,705,1825
1690,705,5966
1691,706,14226
1692,706,14280
1693,706,8860
1694,707,5561
1695,707,2577
1696,707,12195
1697,707,9535
1698,707,888
1699,709,11827
1700,709,5107
1701,710,6627
1702,710,12277
1703,710,11452
1704,710,4604
1705,712,14388
1706,712,3343
1707,712,8116
1708,712,8894
1709,712,12061
1710,713,5545
1711,713,2374
1712,713,8725
1713,714,14147
1714,714,5703
1715,714,14773
1716,715,12017
1717,715,3573
1718,715,5597
1719,716,13727
1720,716,3539
1721,716,11462
1722,716,6280
1723,717,9805
1724,717,10512
1725,717,8697
1726,718,13927
1727,718,6567
1728,718,12360
1729,719,2190
1730,719,351
1731,719,3995
1732,719,13068
1733,720,6103
1734,720,5720
1735,722,10420
1736,722,14359
1737,722,13843
1738,722,707
1739,723,2095
1740,723,7381
1741,723,6141
1742,723,2256
1743,724,6569
1744,725,9914
1745,725,1391
1746,726,4812
1747,726,4603
1748,726,12648
1749,726,14008
1750,727,11393
1751,727,7478
1752,728,13245
1753,728,11879
1754,728,10702
1755,729,13260
1756,729,6226
1757,729,9166
1758,729,13800
1759,731,8303
1760,731,6382
1761,732,1729
1762,732,265
1763,732,7335
1764,732,11364
1765,732,814
1766,734,1223
1767,734,1362
1768,734,10173
1769,734,4838
1770,734,12857
1771,736,3624
1772,736,14412
1773,736,11102
1774,737,3451
1775,737,6716
1776,737,11673
1777,738,12829
1778,738,11520
1779,738,2702
1780,738,9323
1781,738,4546
1782,739,13676
1783,739,4624
1784,739,8752
1785,740,1579
1786,741,5636
1787,741,7512
1788,741,6756
1789,741,11657
1790,744,3989
1791,744,4375
1792,745,8471
1793,745,5407
1794,745,8502
1795,745,401
1796,746,13381
1797,747,7747
1798,747,5881
1799,747,4380
1800,748,193
1801,748,6726
1802,748,3998
1803,748,14543
1804,748,9859
1805,749,11784
1806,749,2590
1807,750,5217
1808,750,4006
1809,750,3537
1810,751,189
1811,751,14648
1812,751,10804
1813,751,5135
1814,752,12971
1815,752,7613
1816,754,6519
1817,754,8230
1818,754,1023
1819,754,12632
1820,754,10801
1821,755,13347
1822,755,2702
1823,755,2326
1824,755,12709
1825,755,13024
1826,756,10204
1827,756,332
1828,756,13078
1829,756,13027
1830,759,14924
1831,759,1266
1832,759,14938
1833,759,7542
1834,759,13827
1835,760,6076
1836,760,8772
1837,760,10450
1838,761,13891
1839,761,14579
1840,761,1818
1841,761,4431
1842,762,5202
1843,762,13266
1844,762,12204
1845,762,1031
1846,762,11543
1847,764,11636
1848,764,9435
1849,764,10917
1850,764,1618
1851,765,14587
1852,767,12359
1853,768,14551
1854,768,4553
1855,768,4345
1856,768,3859
1857,768,1231
1858,769,14522
1859,769,288
1860,769,3547
1861,769,5816
1862,769,2988
1863,770,11813
1864,770,1341
1865,770,11025
1866,770,1478
1867,770,14175
1868,771,6750
1869,771,3281
1870,772,3162
1871,772,7333
1872,772,3163
1873,772,14503
1874,773,11898
1875,773,6918
1876,776,6133
1877,776,5321
1878,776,9539
1879,777,2819
1880,777,12320
1881,777,10842
1882,777,9964
1883,777,14277
1884,778,7050
1885,778,2380
1886,779,12480
1887,779,5847
1888,780,1303
1889,780,7485
1890,780,12612
1891,781,9953
1892,781,5034
1893,781,11319
1894,781,8418
1895,782,4063
1896,782,3433
1897,782,5606
1898,783,7485
1899,783,14971
1900,783,2896
1901,784,10656
1902,784,9325
1903,784,10649
1904,784,14182
1905,784,10578
1906,785,2373
1907,785,5531
1908,785,5150
1909,786,9707
1910,787,8216
1911,787,6643
1912,787,600
1913,787,2465
1914,787,14807
1915,788,14379
1916,788,4286
1917,788,9358
1918,788,11473
1919,789,8260
1920,789,5533
1921,789,7720
1922,789,6131
1923,791,13238
1924,791,1632
1925,791,9651
1926,791,13966
1927,792,14181
1928,792,7964
1929,792,399
1930,792,3208
1931,792,13526
1932,793,2911
1933,793,1204
1934,796,2983
1935,797,9394
1936,797,2915
1937,797,4455
1938,798,2636
1939,798,3496
1940,799,2106
1941,799,8538
1942,799,605
1943,799,7210
1944,801,12634
1945,801,8236
1946,801,6491
1947,801,8511
1948,801,13609
1949,804,12434
1950,805,12210
1951,805,6688
1952,805,7215
1953,806,4453
1954,807,12361
1955,807,10775
1956,807,10209
1957,807,14109
1958,807,9755
1959,808,7246
1960,808,5646
1961,808,6674
1962,808,4848
1963,808,2693
1964,809,9885
1965,809,767
1966,809,4552
1967,810,14881
1968,810,7970
1969,812,8247
1970,812,7131
1971,812,14102
1972,812,2077
1973,812,6284
1974,813,14593
1975,814,8329
1976,814,11654
1977,814,11432
1978,815,5661
1979,815,7694
1980,815,1006
1981,816,10742
1982,817,4565
1983,817,8687
1984,817,5635
1985,818,5201
1986,818,14266
1987,818,246
1988,818,6241
1989,818,2796
1990,819,891
1991,819,12187
1992,819,1162
1993,819,11994
1994,819,5424
1995,820,6851
1996,820,12657
1997,820,9083
1998,821,11707
1999,821,13984
2000,821,8543
2001,822,13205
2002,822,5612
2003,822,2464
2004,822,10487
2005,822,1025
2006,823,1890
2007,823,11000
2008,826,6875
2009,826,5704
2010,826,7689
2011,826,14685
2012,826,8893
2013,827,8868
2014,827,14161
2015,827,6761
2016,827,11227
2017,827,13452
2018,828,13050
2019,828,9613
2020,828,6097
2021,828,4295
2022,829,6099
2023,830,10372
2024,830,13956
2025,831,12787
2026,831,4396
2027,832,4535
2028,832,9223
2029,833,3140
2030,833,171
2031,833,8947
2032,834,3496
2033,834,8859
2034,834,6132
2035,835,103
2036,836,4998
2037,836,9495
2038,836,4318
2039,837,8012
2040,837,7334
2041,837,12045
2042,837,9300
2043,838,9728
2044,838,4962
2045,838,14214
2046,838,2121
2047,838,69
2048,840,8219
2049,840,11660
2050,840,12538
2051,841,12795
2052,842,2550
2053,842,7275
2054,842,14354
2055,842,619
2056,842,629
2057,843,11456
2058,843,10955
2059,843,4737
2060,843,1224
2061,845,9007
2062,845,2727
2063,846,2378
2064,846,11509
2065,847,4052
2066,847,3771
2067,847,768
2068,847,8104
2069,847,5559
2070,848,3121
2071,849,14895
2072,849,10947
2073,849,14065
2074,850,12846
2075,850,9738
2076,850,10949
2077,851,4960
2078,852,10923
2079,852,6366
2080,852,10203
2081,854,7257
2082,854,11288
2083,854,1353
2084,856,8198
2085,857,7940
2086,857,3664
2087,857,9837
2088,857,8897
2089,858,8425
2090,860,14096
2091,860,10980
2092,860,6372
2093,861,271
2094,862,8675
2095,862,4163
2096,862,5189
2097,862,9289
2098,863,4197
2099,863,4252
2100,863,2143
2101,866,9210
2102,866,11469
2103,866,14123
2104,866,5428
2105,867,1918
2106,867,13324
2107,867,211
2108,867,8416
2109,867,8866
2110,869,11276
2111,870,1330
2112,872,1194
2113,872,14896
2114,872,6995
2115,872,7856
2116,872,4232
2117,875,3134
2118,875,9175
2119,876,53
2120,876,10472
2121,876,8856
2122,876,8530
2123,877,1644
2124,877,9285
2125,878,13403
2126,878,9858
2127,878,3880
2128,878,12760
2129,878,5558
2130,879,1837
2131,879,8351
2132,880,12408
2133,881,12909
2134,884,14175
2135,884,4003
2136,885,10665
2137,885,6228
2138,885,7562
2139,885,7413
2140,885,12279
2141,886,10366
2142,886,7682
2143,886,4686
2144,886,13852
2145,889,7166
2146,889,517
2147,890,549
2148,891,12193
2149,891,14850
2150,891,776
2151,891,1360
2152,891,1546
2153,892,1236
2154,892,13931
2155,892,2401
2156,892,10445
2157,893,13151
2158,893,9154
2159,895,11219
2160,896,4194
2161,896,12778
2162,896,4401
2163,896,1022
2164,897,14933
2165,897,1897
2166,897,1222
2167,897,7372
2168,897,4060
2169,898,12317
2170,898,323
2171,899,1015
2172,899,11277
2173,899,10286
2174,899,6920
2175,899,13582
2176,901,12773
2177,903,5687
2178,905,4622
2179,905,2309
2180,905,1349
2181,906,4165
2182,906,3522
2183,906,12779
2184,906,10819
2185,906,5540
2186,907,14925
2187,908,607
2188,908,11404
2189,908,4798
2190,909,10266
2191,909,5461
2192,909,13765
2193,910,8525
2194,910,5043
2195,910,1768
2196,910,7651
2197,910,2817
2198,911,13171
2199,911,9131
2200,911,9276
2201,911,10215
2202,913,7614
2203,913,10887
2204,913,6783
2205,913,7244
2206,914,12936
2207,914,438
2208,915,1970
2209,915,14341
2210,915,13081
2211,916,5394
2212,916,4003
2213,918,4311
2214,918,5377
2215,918,5822
2216,919,10227
2217,919,3722
2218,920,8802
2219,920,8411
2220,920,3379
2221,921,6850
2222,921,11993
2223,921,10301
2224,925,10173
2225,925,9912
2226,927,11083
2227,927,5919
2228,929,1994
2229,929,6
2230,929,10835
2231,929,2886
2232,929,1424
2233,930,2486
2234,930,14115
2235,930,3517
2236,930,2123
2237,931,6996
2238,931,7579
2239,931,2894
2240,931,8988
2241,931,5527
2242,932,14796
2243,932,6983
2244,933,4218
2245,933,13129
2246,933,12613
2247,933,11032
2248,933,1403
2249,934,635
2250,934,5941
2251,934,14843
2252,934,3098
2253,934,9123
2254,935,13098
2255,935,2027
2256,935,5142
2257,935,7348
2258,937,8994
2259,937,9186
2260,937,9246
2261,937,9896
2262,938,10886
2263,938,13888
2264,938,14996
2265,938,9868
2266,939,14689
2267,939,13983
2268,939,5428
2269,940,14143
2270,941,13436
2271,941,416
2272,941,4297
2273,941,10382
2274,941,9120
2275,942,13976
2276,942,1589
2277,943,13634
2278,943,14797
2279,943,8627
2280,943,769
2281,943,11413
2282,944,7274
2283,944,11494
2284,945,8605
2285,948,2233
2286,948,13766
2287,948,14059
2288,948,7470
2289,950,11667
2290,950,1676
2291,950,1029
2292,950,1567
2293,951,14867
2294,951,5812
2295,951,14225
2296,952,8116
2297,952,6530
2298,953,8207
2299,953,2363
2300,953,12146
2301,954,11572
2302,954,13064
2303,954,8506
2304,954,14606
2305,954,5951
2306,955,4942
2307,955,1511
2308,955,11011
2309,955,6283
2310,956,11141
2311,958,4679
2312,958,3777
2313,961,8553
2314,961,2870
2315,961,5866
2316,961,13112
2317,962,9309
2318,963,10263
2319,963,9870
2320,963,13264
2321,963,1226
2322,964,9057
2323,965,3274
2324,965,9511
2325,965,10100
2326,966,1122
2327,966,4250
2328,966,7851
2329,966,1053
2330,967,5272
2331,967,11392
2332,969,8292
2333,969,1639
2334,970,12756
2335,970,5595
2336,970,14344
2337,970,13674
2338,971,14681
2339,971,6211
2340,971,3810
2341,971,11581
2342,973,2225
2343,973,8047
2344,973,943
2345,973,8868
2346,974,12754
2347,974,1346
2348,975,11175
2349,975,5629
2350,975,2033
2351,975,9635
2352,976,12073
2353,977,1953
2354,978,8881
2355,979,1778
2356,979,560
2357,979,3610
2358,979,8805
2359,979,7893
2360,980,1237
2361,981,2980
2362,981,6530
2363,981,6438
2364,981,9277
2365,983,11229
2366,984,9071
2367,984,8998
2368,985,5904
2369,985,8913
2370,985,9493
2371,985,9400
2372,987,12570
2373,987,77
2374,987,3765
2375,987,11482
2376,988,4170
2377,988,7319
2378,988,7515
2379,988,14143
2380,988,13043
2381,989,10322
2382,989,12288
2383,990,7479
2384,990,6596
2385,990,5220
2386,992,4878
2387,992,13552
2388,992,2625
2389,992,3111
2390,993,11682
2391,994,4016
2392,995,9436
2393,995,2159
2394,995,13330
2395,995,11678
2396,996,5081
2397,996,12130
2398,996,4971
2399,997,9053
2400,997,12845
2401,997,2743
2402,997,3762
2403,999,2038
2404,999,7097
2405,999,4279
2406,999,7985
